School Of Rock The Musical,https://i.guim.co.uk/img/media/ffd1a8abeed8d96402c46d65aa84dd8ab0bd0ee4/137_511_5234_3140/master/5234.jpg?width=1200&height=1200&quality=85&auto=format&fit=crop&s=16ec82a364d86d007cfb83a82cd7a128
Wallace Collection,https://upload.wikimedia.org/wikipedia/commons/7/70/Front_entrance_to_the_Wallace_Collection%2C_Manchester_Square_-_geograph.org.uk_-_1600012.jpg
National Portrait Gallery,https://upload.wikimedia.org/wikipedia/commons/thumb/4/46/National_Portrait_Gallery_%2840400017530%29.jpg/1200px-National_Portrait_Gallery_%2840400017530%29.jpg
Hampstead Heath,https://cdn.londonandpartners.com/asset/9be9406360150d47e42b5b2f18ec3076.jpg
Emirates Air Line Cable Car - Greenwich Peninsula,https://www.visitgreenwich.org.uk/imageresizer/?image=%2Fdmsimgs%2FEmirates_Air_Line_design_1036286971.jpg&action=ProductDetailProFullWidth
Regent's Park,https://upload.wikimedia.org/wikipedia/commons/5/59/Regent%27s_Park_bandstand.jpg
Highgate Cemetery,https://upload.wikimedia.org/wikipedia/commons/c/c3/Highgate_Cemetery_East.JPG
HMS Belfast,https://upload.wikimedia.org/wikipedia/commons/2/2f/London_November_2013-14a.jpg
Primrose Hill,https://upload.wikimedia.org/wikipedia/commons/f/f1/View_from_Primrose_Hill.jpg
Museum of London,https://dynamic-media-cdn.tripadvisor.com/media/photo-o/0c/a3/49/4f/museum-of-london.jpg?w=1200&h=1200&s=1
Tottenham Hotspur Stadium,https://upload.wikimedia.org/wikipedia/commons/e/ec/Tottenham_Hotspur_Stadium_June_2019%2C_view_from_East.jpg
Emirates Stadium,https://upload.wikimedia.org/wikipedia/commons/a/a3/Emirates_Stadium_Arsenal.jpg
Camden Market,https://upload.wikimedia.org/wikipedia/commons/2/2b/Camden_markets_entrance.JPG
Museum of London Docklands,https://www.museumoflondon.org.uk/application/files/6514/5529/3994/museum-of-london-docklands-exterior.jpg
Tate Britain,https://dynamic-media-cdn.tripadvisor.com/media/photo-o/18/10/9d/e6/tate-britain.jpg?w=1200&h=-1&s=1
Sky Garden,https://dynamic-media-cdn.tripadvisor.com/media/photo-o/12/ca/96/33/sky.jpg?w=1200&h=-1&s=1
Soho,https://media.timeout.com/images/105239620/image.jpg
Chelsea FC Stadium Tour & Museum,https://image.kkday.com/v2/image/get/w_1900%2Cc_fit/s1.kkday.com/product_122183/20220226210240_HZcBy/png
Cutty Sark,https://upload.wikimedia.org/wikipedia/commons/thumb/5/55/Northeast_View_of_the_Cutty_Sark_in_Greenwich.jpg/1200px-Northeast_View_of_the_Cutty_Sark_in_Greenwich.jpg
Covent Garden,https://dynamic-media-cdn.tripadvisor.com/media/photo-o/1a/9f/f5/5e/covent-garden-is-a-world.jpg?w=1200&h=-1&s=1
London Eye,https://upload.wikimedia.org/wikipedia/commons/thumb/d/d6/London-Eye-2009.JPG/1200px-London-Eye-2009.JPG
Buckingham Palace,https://upload.wikimedia.org/wikipedia/commons/thumb/d/d3/Buckingham_Palace_aerial_view_2016_%28cropped%29.jpg/1200px-Buckingham_Palace_aerial_view_2016_%28cropped%29.jpg
BAPS Shri Swaminarayan Mandir,https://upload.wikimedia.org/wikipedia/commons/2/2f/BAPS_Toronto_Mandir_exterior_7.jpg
Charles Dickens Museum,https://upload.wikimedia.org/wikipedia/commons/6/6f/Charles_Dickens_Museum_London.jpg
Carnaby Street,https://i0.wp.com/www.ldnfashion.com/wp-content/uploads/2014/05/london-carnaby-street.jpg?fit=800%2C531&ssl=1
St. Katharine Docks,https://upload.wikimedia.org/wikipedia/commons/thumb/e/e2/St_Katharine_Docks_022.jpg/1200px-St_Katharine_Docks_022.jpg
Old Spitalfields Market,https://images.adsttc.com/media/images/5dcc/524c/3312/fd68/8800/0017/large_jpg/2517_FP635663.jpg?1573671444
Lord's Cricket Ground,https://upload.wikimedia.org/wikipedia/commons/7/77/Lords-Cricket-Ground-Pavilion-06-08-2017.jpg
Royal Opera House,https://live.staticflickr.com/5595/31345624631_2646f6ee8b_b.jpg
St. Dunstan in the East,https://offloadmedia.feverup.com/secretldn.com/wp-content/uploads/2018/03/18145411/St-Dunstan-10.jpg
Eltham Palace and Gardens,https://upload.wikimedia.org/wikipedia/commons/8/8e/Eltham_Palace-8242930494.jpg
Portobello Road Market,https://dynamic-media-cdn.tripadvisor.com/media/photo-o/07/a2/52/77/portobello-road-market.jpg?w=1200&h=-1&s=1
The Courtauld Gallery,https://courtauld.ac.uk/wp-content/uploads/2021/03/Somerset-House.jpg
Novello Theatre,https://live.staticflickr.com/65535/6044557875_b893bec4fb_b.jpg
Museum of Brands,https://museumofbrands.com/wp-content/uploads/2021/04/About-Us-Museum-of-Brands.jpg
Abbey Road Studios,https://news.microsoft.com/wp-content/uploads/prod/sites/68/2018/11/ABBEY2.jpeg
Tate Modern,https://upload.wikimedia.org/wikipedia/commons/0/00/Tate_Modern_-_Bankside_Power_Station.jpg
Kyoto Garden,https://dynamic-media-cdn.tripadvisor.com/media/photo-o/08/c2/89/2d/kyoto-garden.jpg?w=1200&h=-1&s=1
Her Majesty's Theatre London,https://upload.wikimedia.org/wikipedia/commons/thumb/f/fb/Her_Majestys_Theatre%2C_London.jpg/1200px-Her_Majestys_Theatre%2C_London.jpg
Science Museum,https://upload.wikimedia.org/wikipedia/commons/b/b3/Science_Museum%2C_Exhibition_Road_%28cropped%29.jpg
Sir John Soane's Museum,"https://media.cntraveler.com/photos/5a7b4d29b7a3db05bf40e1d4/16:9/w_2560,c_limit/Sir-John-Soane's__2018_The-Picture-Room---Photo-Gareth-Gardner.jpg"
Westminster,https://upload.wikimedia.org/wikipedia/commons/6/6d/Hdr_parliament.jpg
Clink Prison Museum,https://www.clink.co.uk/assets/1600x717/entrance1.jpg
Millennium Bridge,https://upload.wikimedia.org/wikipedia/commons/thumb/5/57/Mill.bridge.from.tate.modern.arp.jpg/1200px-Mill.bridge.from.tate.modern.arp.jpg
Freemasons' Hall,https://media.timeout.com/images/105271259/image.jpg
South Bank,https://dynamic-media-cdn.tripadvisor.com/media/photo-o/18/97/17/9e/riverside-view-of-south.jpg?w=1200&h=-1&s=1
Leake Street Arches,https://dynamic-media-cdn.tripadvisor.com/media/photo-o/15/01/48/75/leake-street-tunnel.jpg?w=1200&h=-1&s=1
Up at The O2,https://mediaim.expedia.com/localexpert/412282/6db4c65a-d0f6-4643-973c-b6d8c7fa2b76.jpg
St. Paul's Cathedral,https://upload.wikimedia.org/wikipedia/commons/c/cb/St_Pauls_aerial_%28cropped%29.jpg
Tower of London,https://upload.wikimedia.org/wikipedia/commons/e/ec/Tower_of_London_from_the_Shard_%288515883950%29.jpg
Westminster Abbey,https://static.onecms.io/wp-content/uploads/sites/28/2015/12/westminster-abbey-interior1215.jpg
Emirates Air Line Cable Car - Royal Docks,https://upload.wikimedia.org/wikipedia/commons/9/9a/Emirates_Air_Line_towers_24_May_2012.jpg
Kensington Gardens,https://mywowo.net/media/images/cache/londra_hyde_park_03_kensington_gardens_jpg_1200_630_cover_85.jpg
Battersea Park,https://upload.wikimedia.org/wikipedia/commons/f/fe/Battersea_Park_Peace_Pagoda.jpg
Hyde Park,https://dynamic-media-cdn.tripadvisor.com/media/photo-o/0a/57/09/4a/photo2jpg.jpg?w=1200&h=-1&s=1
Shakespeare's Globe Theatre,https://static.onecms.io/wp-content/uploads/sites/28/2020/03/23/globe-theatre-london-SHAKESPEARELIVE0320.jpg
Harrods,https://www.harrods.com/BWStaticContent/50000/50000/3667f922-78b6-467d-a28b-66203d375fe1_t-homepage-store-closure-retouched.jpg
Leicester Square,https://pix10.agoda.net/hotelImages/206/2063549/2063549_17030222160051344965.jpg?ca=6&ce=1&s=1024x768
Paddington Station,https://dynamic-media-cdn.tripadvisor.com/media/photo-o/14/af/3d/7d/paddington-station.jpg?w=1200&h=-1&s=1
Hayman's Distillery,https://www.haymansgin.com/wp-content/uploads/2020/08/Haymans-12thAug-015.jpg
WWT London Wetland Centre,https://upload.wikimedia.org/wikipedia/commons/a/a9/London_Wetland_Centre_Building%2C_Barnes%2C_UK_-_Diliff.jpg
The Ginstitute,https://cdn.shopify.com/s/files/1/0100/0095/7499/files/the-distillery-home-1_1200x.png?v=1564762382
Victoria Palace Theatre,https://seatplan.com/cdn/images/venue/Victoria-Palace-Theatre-Hero-Desktop-1920wx1080h-1620652945.jpg
Handel & Hendrix in London,https://upload.wikimedia.org/wikipedia/commons/6/64/London_003_Hendrix_and_Handel_houses.jpg
Aldwych Theatre,https://seatplan.com/cdn/images/venue/Aldwych-Theatre-Auditorium-900wx593h-1585229187-1585229486.jpg
King's Cross Station,https://upload.wikimedia.org/wikipedia/commons/d/d5/King%27s_Cross_station%2C_August_2014.jpg
Stamford Bridge,https://upload.wikimedia.org/wikipedia/commons/thumb/9/90/Stamford_Bridge_Clear_Skies.JPG/1200px-Stamford_Bridge_Clear_Skies.JPG
Little Venice,https://upload.wikimedia.org/wikipedia/commons/3/34/Little_Venice_in_March.jpg
Apsley House,https://upload.wikimedia.org/wikipedia/commons/9/9c/Apsley_House_1.JPG
Mayfair,https://dynamic-media-cdn.tripadvisor.com/media/photo-o/08/c7/f3/36/mayfair.jpg?w=1200&h=-1&s=1
Bank of England Museum,https://upload.wikimedia.org/wikipedia/commons/thumb/a/a8/London.bankofengland.arp.jpg/1200px-London.bankofengland.arp.jpg
Kensington Palace,https://www.royal.uk/sites/default/files/images/feature/kensingtonpalace_0.jpg
Barbican Centre,https://images.adsttc.com/media/images/61df/33e1/f82a/1401/65d6/9034/large_jpg/akeside-terrace-restaurants-barbican-centre-credit-max-colson.jpg?1642017821
South Kensington,https://imageio.forbes.com/specials-images/imageserve/60abad61a4b9a47c6253218f/The-Kensington-Hotel-is-South-Kensington-s-premier-hotel/960x0.jpg?fit=bounds&format=jpg&width=960
Florence Nightingale Museum,https://media.tacdn.com/media/attractions-splice-spp-674x446/0b/39/b5/2b.jpg
Brick Lane Music Hall,https://media-cdn.tripadvisor.com/media/photo-s/13/ac/eb/e7/brick-lane-music-hall.jpg
Wimbledon,https://upload.wikimedia.org/wikipedia/commons/9/91/Wimbledon_2019_Nadal_v_Sousa.jpg
Madame Tussauds London,https://upload.wikimedia.org/wikipedia/commons/6/6b/Madame_Tussauds_London.jpg
Theatre Royal Drury Lane,https://upload.wikimedia.org/wikipedia/commons/7/73/Theatre_Royal%2C_Drury_Lane_20130408_022.jpg
Queen Mary's Gardens,https://www.royalparks.org.uk/parks/the-regents-park/things-to-see-and-do/gardens-and-landscapes/queen-marys-gardens/_gallery/The-Boy-and-Frog-statue-in-the-Bergonia-Garden.jpg/w_1200.jpg
London Coliseum,https://imgs.classicfm.com/images/188455?width=5472&crop=16_9&signature=Ky01OaaiswLFubL4xbeFH2OLjRs=
Hampstead,https://upload.wikimedia.org/wikipedia/commons/thumb/0/04/Downshire_Hill%2C_Hampstead%2C_London_NW3_-_geograph.org.uk_-_1669736.jpg/800px-Downshire_Hill%2C_Hampstead%2C_London_NW3_-_geograph.org.uk_-_1669736.jpg
Lyceum Theatre,"https://res.cloudinary.com/dwzhqvxaz/f_auto,q_auto,fl_progressive/v1631013404/Venues/Lyceum/Lyceum_External3_1920x1280.png"
Diana Princess of Wales Memorial Playground,https://upload.wikimedia.org/wikipedia/commons/9/94/Pirate_ship%2C_Diana%2C_Princess_of_Wales_Memorial_Playground%2C_Kensington_Gardens_7_June_2011.jpg
Bridge Theatre,https://media.timeout.com/images/105811548/750/422/image.jpg
Pop Brixton,https://www.tagvenue.com/blog/wp-content/uploads/2016/06/594-pop-brixton-venue.jpg
Apollo Theatre,https://www.apollotheater.org/app/uploads/2021/01/header-option1.jpg
Kenwood House,https://upload.wikimedia.org/wikipedia/commons/6/6f/Kenwood_House_front_with_extensions_2005.jpg
ZSL London Zoo,https://www.zsl.org/sites/default/files/image/2014-02/Main-Entrance_1936.jpg
Chinatown,https://ichef.bbci.co.uk/news/976/cpsprodpb/0E8A/production/_112222730_img_20200427_141201.jpg
Prince of Wales Theatre,https://www.greatdays.co.uk/wp-content/uploads/Prince-of-Wales.jpg
The Shard,https://a.cdn-hotels.com/gdcs/production107/d1826/87b0e3b5-01da-4be3-8b0c-2d763513cd56.jpg
National Theatre,https://dynamic-media-cdn.tripadvisor.com/media/photo-o/0e/8a/f2/5d/national-theatre.jpg?w=1200&h=-1&s=1
Greenwich Foot Tunnel,https://media.timeout.com/images/105259304/image.jpg
Craven Cottage,https://upload.wikimedia.org/wikipedia/commons/7/75/Craven_Cottage_Football_Ground_-_geograph.org.uk_-_778731.jpg
The Queen's Walk,https://upload.wikimedia.org/wikipedia/commons/b/bd/Tower_Bridge_%26_The_Queen%27s_Walk.jpg
Piccadilly Theatre,https://media-cdn.tripadvisor.com/media/photo-s/0d/54/46/52/auditorium-piccadilly.jpg
Beefeater Gin Distillery,https://images.squarespace-cdn.com/content/v1/5ff42d0a63b83c3d6c048351/1610354610406-IGFOUU5M82G0KBIQSFUZ/IMG_9807-e1599225844466.jpg
Westfield London,https://a.cdn-hotels.com/gdcs/production93/d1862/8729e506-1556-4fcb-a623-15b36c662915.jpg
Dulwich Picture Gallery,https://upload.wikimedia.org/wikipedia/commons/2/2a/Dulwich_Picture_Gallery%2C_main_entrance.JPG
Apollo Victoria Theatre,https://dynamic-media-cdn.tripadvisor.com/media/photo-o/16/c3/66/b9/the-circle.jpg?w=1200&h=-1&s=1
Haymarket Theatre Royal,https://upload.wikimedia.org/wikipedia/commons/thumb/4/4b/2008_Haymarket_Theatre.JPG/1200px-2008_Haymarket_Theatre.JPG
Winter Wonderland,https://c.files.bbci.co.uk/D534/production/_114208545_gettyimages-1197135983.jpg
West End Theatre District,https://upload.wikimedia.org/wikipedia/commons/3/3b/Palace_Theatre_-_London.jpg
Kensington,https://cdn.theculturetrip.com/wp-content/uploads/2019/01/jyr633.jpg
Sherlock Holmes Museum,https://upload.wikimedia.org/wikipedia/commons/thumb/3/33/221B_Baker_Street%2C_London_-_Sherlock_Holmes_Museum.jpg/1200px-221B_Baker_Street%2C_London_-_Sherlock_Holmes_Museum.jpg
Wilton's Music Hall,https://romanroadlondon.com/wp-content/uploads/2020/04/Wiltons-Hall-view-from-stage-by-Paul-Marc-Mitchell-.jpg
Seven Dials,https://dynamic-media-cdn.tripadvisor.com/media/photo-o/0d/db/7e/33/seven-dials-at-dusk.jpg?w=1200&h=-1&s=1
V&A  - Victoria and Albert Museum,https://dynamic-media-cdn.tripadvisor.com/media/photo-o/12/f9/27/b7/v-a-museum.jpg?w=1200&h=-1&s=1
Canary Wharf,https://upload.wikimedia.org/wikipedia/commons/c/c5/Canary_Wharf_from_Limehouse_London_June_2016_HDR.jpg
Abbey Road,"https://www.gannett-cdn.com/presto/2019/08/08/USAT/dc1fe9c6-d585-42c4-9c69-e31cc46e4c94-ABBEY_ROAD.JPG?auto=webp&crop=1481,834,x0,y265&format=pjpg&width=1200"
London Transport Museum,https://cdn.londonandpartners.com/asset/london-transport-museum_inside-the-london-transport-museum-image-courtesy-of-the-london-transport-museum_b9fa819da51484d269aa1dd0f686d48d.jpg
Regent Street,https://upload.wikimedia.org/wikipedia/commons/thumb/8/80/Regent_Street_2011-04-25.jpg/1200px-Regent_Street_2011-04-25.jpg
London Mithraeum,https://upload.wikimedia.org/wikipedia/commons/1/1b/London_Mithraeum.jpg
Mercato Metropolitano (Elephant & Castle),https://c8.alamy.com/comp/WGJ681/interior-of-food-market-mercato-metropolitano-in-elephant-castle-london-uk-WGJ681.jpg
Regent's Canal,https://upload.wikimedia.org/wikipedia/commons/f/f0/Regents_Canal%2C_London%2C_England_-Islington_tunnel-21March2010.jpg
City of London Distillery & Bar,https://attadrink.com/wp-content/uploads/2016/04/2015-05-01-15.11.17-e1461615314447-850x450_1.jpg
Victoria Park,https://media-cdn.tripadvisor.com/media/photo-s/11/11/a5/55/victoria-park-london.jpg
Gielgud Theatre,https://seatplan.com/cdn/images/venue/Gielgud-Theatre-Hero-Desktop-v2-1920wx1080h-1620653507.jpg
Leighton House Museum,https://dynamic-media-cdn.tripadvisor.com/media/photo-o/16/b8/10/fb/the-arab-hall-cleighton.jpg?w=1200&h=-1&s=1
Guildhall,https://upload.wikimedia.org/wikipedia/commons/e/e2/Guildhall%2C_City_of_London_-_Diliff.jpg
Southwark,https://upload.wikimedia.org/wikipedia/commons/8/84/Southwark_Cathedral%2C_24th_floor.jpg
Garrick Theatre,https://www.nimaxtheatres.com/wp-content/uploads/2017/06/garrick7-1.jpg
Royal Festival Hall,https://live.staticflickr.com/5689/30679882760_8c5c83560b.jpg
Plaza Premium Lounge LHR T5 Departures,https://www.plazapremiumlounge.com/PlazaPremiumLounge/media/PPLMedia/Lounges/LHR/LHR_Dep_T2/LHR_Dep_T2_1600x800_Web2.jpg?ext=.jpg
All Hallows By The Tower,https://upload.wikimedia.org/wikipedia/commons/a/af/AllHallowsByTheTowerChurch.jpg
The Mall,https://cdn.londonandpartners.com/asset/f297d34ef964380ddf6675d12cc6805b.jpg
Parliament Square,https://upload.wikimedia.org/wikipedia/commons/e/e0/Parliament_Square_1980.jpg
The Arts Theatre,https://seatplan.com/cdn/images/venue/Arts-Theatre-Hero-Desktop-1920wx1080h-1621589050.jpg
Criterion Theatre,https://media.tacdn.com/media/attractions-splice-spp-674x446/0b/39/c0/e4.jpg
Billingsgate Market,https://upload.wikimedia.org/wikipedia/commons/3/3f/London_-_Billingsgate_Fish_Market_-_3190.jpg
Nelson's Column,https://media-cdn.tripadvisor.com/media/photo-s/12/6c/ae/dd/co1.jpg
The Old Vic,https://upload.wikimedia.org/wikipedia/commons/a/a1/Waterloo_the_old_vic_1.jpg
Old Bailey,https://media-cdn.tripadvisor.com/media/photo-s/0e/9a/96/13/getlstd-property-photo.jpg
The London Pass,https://dynamic-media-cdn.tripadvisor.com/media/photo-o/19/61/c8/0c/big-bus-hop-on-hop-off.jpg?w=1200&h=-1&s=1
Sadler's Wells,https://upload.wikimedia.org/wikipedia/commons/thumb/5/5e/Sadler%27s_Wells_Theatre_%28September_2015%29.jpg/1200px-Sadler%27s_Wells_Theatre_%28September_2015%29.jpg
"County Hall, London",https://upload.wikimedia.org/wikipedia/commons/d/d7/County_Hall_%288710618372%29.jpg
London Buses,https://media-cdn.tripadvisor.com/media/photo-s/09/a3/1a/d2/london-buses.jpg
Queen Victoria Memorial,https://media-cdn.tripadvisor.com/media/photo-s/16/c1/14/50/la-victoire-ailee-le.jpg
"Garden Lodge Queen, Londra",https://dynamic-media-cdn.tripadvisor.com/media/photo-o/0c/56/ec/fd/garden-lodge-queen-londra.jpg?w=1200&h=1200&s=1
Cenotaph,https://i2.wp.com/thecrownchronicles.co.uk/wp-content/uploads/2017/11/Cenotaph.jpg?fit=2880%2C1920&ssl=1
Buddhapadipa Temple,https://upload.wikimedia.org/wikipedia/commons/0/07/Wat_Buddhapadipa%2C_Buddhist_Temple_02.jpg
Postman's Park,https://upload.wikimedia.org/wikipedia/commons/f/f9/Postman%27s_Park_and_the_Wall_of_Heroes.JPG
The Metropolitan Museum of Art,https://www.metmuseum.org/-/media/images/visit/met-fifth-avenue/fifthave_teaser.jpg?sc_lang=en
Central Park,https://imagesvc.meredithcorp.io/v3/mm/image?url=https%3A%2F%2Fstatic.onecms.io%2Fwp-content%2Fuploads%2Fsites%2F28%2F2018%2F02%2Fcentral-park-new-york-city-WHEREYOU0118.jpg&q=60
Statue of Liberty,https://i.natgeofe.com/k/611a7aa1-57b3-4884-a2f6-2e0857c02257/united-states-statue-of-liberty-vertical_2x3.jpg
Brooklyn Bridge,https://upload.wikimedia.org/wikipedia/commons/0/00/Brooklyn_Bridge_Manhattan.jpg
Manhattan Skyline,https://images.photowall.com/products/60710/manhattan-skyline.jpg?h=699&q=85
Grand Central Terminal,"https://media.cntraveler.com/photos/5f622daa978ff785b250159b/16:9/w_2560,c_limit/GrandCentralTerminal-2020-GettyImages-88853326.jpg"
The Met Cloisters,https://www.inexhibit.com/wp-content/uploads/2017/09/MET-Cloisters-museum-New-York-aerial-2.jpg
Bryant Park,https://dynamic-media-cdn.tripadvisor.com/media/photo-o/17/ec/cf/75/photo0jpg.jpg?w=1200&h=-1&s=1
Staten Island Ferry,https://dynamic-media-cdn.tripadvisor.com/media/photo-o/22/47/94/f0/caption.jpg?w=1200&h=-1&s=1
New York Public Library,https://dynamic-media-cdn.tripadvisor.com/media/photo-o/14/21/75/2c/new-york-public-library.jpg?w=1200&h=-1&s=1
The Oculus,https://dynamic-media-cdn.tripadvisor.com/media/photo-o/0d/d2/f4/23/lights-for-the-holidays.jpg?w=1200&h=-1&s=1
Broadway,https://dynamic-media-cdn.tripadvisor.com/media/photo-o/07/e1/9f/a5/broadway.jpg?w=1200&h=-1&s=1
American Museum of Natural History,https://dynamic-media-cdn.tripadvisor.com/media/photo-o/11/07/ec/0c/photo0jpg.jpg?w=1200&h=-1&s=1
Chelsea Market,https://dynamic-media-cdn.tripadvisor.com/media/photo-o/0a/23/e9/a4/chelsea-market.jpg?w=1200&h=-1&s=1
The Museum of Modern Art (MoMA),https://dynamic-media-cdn.tripadvisor.com/media/photo-o/1b/3c/8b/a5/photo1jpg.jpg?w=1200&h=-1&s=1
The Roosevelt Island Tramway,https://dynamic-media-cdn.tripadvisor.com/media/photo-o/17/34/b0/10/the-roosevelt-island.jpg?w=1200&h=-1&s=1
Frick Collection,https://dynamic-media-cdn.tripadvisor.com/media/photo-o/1c/9f/f3/21/harbor-of-dieppe-changement.jpg?w=1200&h=-1&s=1
Ellis Island Immigration Museum,https://dynamic-media-cdn.tripadvisor.com/media/photo-o/22/05/e1/76/caption.jpg?w=1200&h=-1&s=1
Chrysler Building,https://dynamic-media-cdn.tripadvisor.com/media/photo-o/0b/16/00/b4/le-chrysler-dominant.jpg?w=1200&h=-1&s=1
Sloane Square,https://dynamic-media-cdn.tripadvisor.com/media/photo-o/01/61/7d/23/sloane-square-december.jpg?w=1200&h=-1&s=1
Platform 9 3/4,https://dynamic-media-cdn.tripadvisor.com/media/photo-o/0f/91/4c/e7/just-a-tourist-attraction.jpg?w=1200&h=-1&s=1
Garosu-gil,https://dynamic-media-cdn.tripadvisor.com/media/photo-o/0f/8c/ab/33/caption.jpg?w=1200&h=-1&s=1
Royal Observatory Greenwich,https://dynamic-media-cdn.tripadvisor.com/media/photo-o/14/fd/c7/1f/dsc-2171-largejpg.jpg?w=1200&h=-1&s=1
Pimlico,https://dynamic-media-cdn.tripadvisor.com/media/photo-o/14/52/e4/2b/20180818-104423-largejpg.jpg?w=1200&h=-1&s=1
The O2,https://dynamic-media-cdn.tripadvisor.com/media/photo-o/1a/e3/e0/7e/the-o2.jpg?w=1200&h=-1&s=1
Tardis Police Box,https://dynamic-media-cdn.tripadvisor.com/media/photo-o/10/67/6e/06/tardis.jpg?w=1200&h=-1&s=1
St. Martins Theatre,https://dynamic-media-cdn.tripadvisor.com/media/photo-o/14/3f/62/fd/st-martins-theatre.jpg?w=1200&h=-1&s=1
Two Temple Place,https://dynamic-media-cdn.tripadvisor.com/media/photo-o/0e/65/fc/22/2-temple-place-other.jpg?w=1200&h=-1&s=1
One New Change,https://dynamic-media-cdn.tripadvisor.com/media/photo-o/0c/17/02/b6/img-20160716-183122-largejpg.jpg?w=1000&h=-1&s=1
Brixton Village,https://dynamic-media-cdn.tripadvisor.com/media/photo-o/0b/bc/a5/6e/photo0jpg.jpg?w=1200&h=-1&s=1
Golders Hill Park,https://dynamic-media-cdn.tripadvisor.com/media/photo-o/10/37/9f/57/photo3jpg.jpg?w=1200&h=-1&s=1
Duchess Theatre,https://dynamic-media-cdn.tripadvisor.com/media/photo-o/07/67/48/d3/the-play-that-goes-wrong.jpg?w=1200&h=-1&s=1
The Design Museum,https://dynamic-media-cdn.tripadvisor.com/media/photo-o/0f/f2/ed/28/the-design-museum.jpg?w=1200&h=-1&s=1
Dinerama - Street Feast,https://dynamic-media-cdn.tripadvisor.com/media/photo-o/08/bf/3a/1a/dinerama-street-feast.jpg?w=1200&h=-1&s=1
Ellis Island,https://dynamic-media-cdn.tripadvisor.com/media/photo-o/0b/08/d3/fa/ellis-island-nov-2015.jpg?w=1200&h=-1&s=1
SoHo,https://dynamic-media-cdn.tripadvisor.com/media/photo-o/0d/cc/a6/fd/photo4jpg.jpg?w=1200&h=-1&s=1
The Morgan Library & Museum,https://dynamic-media-cdn.tripadvisor.com/media/photo-o/16/7c/7c/e9/photo0jpg.jpg?w=1200&h=-1&s=1
Lincoln Center for the Performing Arts,https://dynamic-media-cdn.tripadvisor.com/media/photo-o/0f/21/d8/3f/photo0jpg.jpg?w=1200&h=-1&s=1
Neue Galerie,https://dynamic-media-cdn.tripadvisor.com/media/photo-o/07/ba/26/a4/neue-galerie.jpg?w=1200&h=-1&s=1
Majestic Theatre,https://dynamic-media-cdn.tripadvisor.com/media/photo-o/0c/00/df/49/photo2jpg.jpg?w=1200&h=-1&s=1
St. Paul's Chapel,https://dynamic-media-cdn.tripadvisor.com/media/photo-o/17/f3/22/15/het-kerkje.jpg?w=1200&h=-1&s=1
Gershwin Theater,https://dynamic-media-cdn.tripadvisor.com/media/photo-o/08/f1/5f/23/gershwin.jpg?w=1200&h=-1&s=1
Hudson River Park,https://dynamic-media-cdn.tripadvisor.com/media/photo-o/18/09/80/86/photo1jpg.jpg?w=1200&h=-1&s=1
Lower Manhattan,https://dynamic-media-cdn.tripadvisor.com/media/photo-o/0d/d5/1b/77/lower-manhattan-ny.jpg?w=1200&h=-1&s=1
Union Square,https://dynamic-media-cdn.tripadvisor.com/media/photo-o/0a/e5/da/02/photo5jpg.jpg?w=700&h=-1&s=1
GhostBusters Firestation,https://dynamic-media-cdn.tripadvisor.com/media/photo-o/08/4b/ad/a7/ghostbusters-firestation.jpg?w=1200&h=-1&s=1
Museum of Ice Cream,https://dynamic-media-cdn.tripadvisor.com/media/photo-o/1a/42/56/25/come-get-some-ice-cream.jpg?w=1000&h=-1&s=1
Brookfield Place,https://dynamic-media-cdn.tripadvisor.com/media/photo-o/18/c4/ca/3d/the-winter-garden-at.jpg?w=1100&h=-1&s=1
Minskoff Theatre,https://dynamic-media-cdn.tripadvisor.com/media/photo-o/11/44/14/5d/minskoff-theatre.jpg?w=1200&h=-1&s=1
Grand Central Market,https://dynamic-media-cdn.tripadvisor.com/media/photo-o/06/9c/38/8a/grand-central-market.jpg?w=1200&h=-1&s=1
World Trade Center's Liberty Park,https://dynamic-media-cdn.tripadvisor.com/media/photo-o/17/db/b1/bd/9-11.jpg?w=1200&h=-1&s=1
SeaGlass Carousel,https://dynamic-media-cdn.tripadvisor.com/media/photo-o/11/94/09/3d/exterior.jpg?w=1200&h=-1&s=1
"Strawberry Fields, John Lennon Memorial",https://dynamic-media-cdn.tripadvisor.com/media/photo-o/17/ea/3e/56/strawberry-fields-john.jpg?w=1200&h=-1&s=1
Upper West Side,https://dynamic-media-cdn.tripadvisor.com/media/photo-o/03/9c/33/b7/upper-west-side.jpg?w=1200&h=-1&s=1
Madame Tussauds New York,https://dynamic-media-cdn.tripadvisor.com/media/photo-o/1b/de/61/76/selfie-with-kylie-jenner.jpg?w=1100&h=-1&s=1
Manhattan Bridge,https://dynamic-media-cdn.tripadvisor.com/media/photo-o/11/fd/98/d7/manhattan-bridge.jpg?w=1200&h=-1&s=1
Meatpacking District,https://dynamic-media-cdn.tripadvisor.com/media/photo-o/11/09/b6/ce/meatpacking-district.jpg?w=1200&h=-1&s=1
Bethesda Fountain,https://dynamic-media-cdn.tripadvisor.com/media/photo-o/15/10/be/c3/great-weekend-walk.jpg?w=1200&h=-1&s=1
Conservatory Garden,https://dynamic-media-cdn.tripadvisor.com/media/photo-o/17/7d/a4/f9/20190504-104721-largejpg.jpg?w=1200&h=-1&s=1
Broadway Theatre,https://dynamic-media-cdn.tripadvisor.com/media/photo-o/11/06/30/a6/beautiful-theater.jpg?w=1200&h=-1&s=1
Color Factory,https://dynamic-media-cdn.tripadvisor.com/media/photo-o/15/b6/ce/48/into-the-blue-color-factory.jpg?w=1200&h=-1&s=1
Madison Square Park,https://dynamic-media-cdn.tripadvisor.com/media/photo-o/17/e2/be/da/photo3jpg.jpg?w=1200&h=-1&s=1
Rubin Museum of Art,https://dynamic-media-cdn.tripadvisor.com/media/photo-o/18/02/eb/81/cartoline-da-new-york.jpg?w=700&h=-1&s=1
Governors Island National Monument,https://dynamic-media-cdn.tripadvisor.com/media/photo-o/0c/b8/e4/f3/20160827-115911-largejpg.jpg?w=1000&h=-1&s=1
42nd Street,https://dynamic-media-cdn.tripadvisor.com/media/photo-o/0b/d3/1c/63/amc-empire.jpg?w=1000&h=-1&s=1
Richard Rodgers Theatre,https://dynamic-media-cdn.tripadvisor.com/media/photo-o/0d/0b/e9/90/view-from-outside.jpg?w=1200&h=-1&s=1
Westfield World Trade Center,https://dynamic-media-cdn.tripadvisor.com/media/photo-o/0d/f9/57/b6/westfield-world-trade.jpg?w=1200&h=-1&s=1
St. Thomas Church,https://dynamic-media-cdn.tripadvisor.com/media/photo-o/16/bc/b9/2b/i-pannelli.jpg?w=1200&h=-1&s=1
The Jewish Museum,https://dynamic-media-cdn.tripadvisor.com/media/photo-o/09/42/7b/ff/the-jewish-museum.jpg?w=1200&h=-1&s=1
Hayden Planetarium,https://dynamic-media-cdn.tripadvisor.com/media/photo-o/01/42/e8/78/hayden-planetarium.jpg?w=600&h=-1&s=1
Little Italy,https://dynamic-media-cdn.tripadvisor.com/media/photo-o/0a/49/20/c6/photo0jpg.jpg?w=1000&h=-1&s=1
Wall Street,https://dynamic-media-cdn.tripadvisor.com/media/photo-o/0c/40/89/3f/photo0jpg.jpg?w=1200&h=-1&s=1
The Museum at FIT,https://dynamic-media-cdn.tripadvisor.com/media/photo-o/0d/8e/e7/07/the-museum-s-lobby.jpg?w=1200&h=-1&s=1
Pier 17,https://dynamic-media-cdn.tripadvisor.com/media/photo-o/17/0a/73/43/20190402-183200-largejpg.jpg?w=1200&h=-1&s=1
New York Harbor,https://dynamic-media-cdn.tripadvisor.com/media/photo-o/0e/7a/b9/57/new-york-harbor.jpg?w=1200&h=-1&s=1
New York City Fire Museum,https://dynamic-media-cdn.tripadvisor.com/media/photo-o/0b/21/de/1b/nyc-fire-museum.jpg?w=1000&h=-1&s=1
Al Hirschfeld Theatre,https://dynamic-media-cdn.tripadvisor.com/media/photo-o/18/31/d1/cd/photo0jpg.jpg?w=1200&h=-1&s=1
Flatiron Building,https://dynamic-media-cdn.tripadvisor.com/media/photo-o/14/28/1e/13/flatiron-building-co.jpg?w=1200&h=-1&s=1
St James Theatre,https://dynamic-media-cdn.tripadvisor.com/media/photo-o/0f/25/c4/df/the-interior-view.jpg?w=1200&h=-1&s=1
Apollo Theater,https://dynamic-media-cdn.tripadvisor.com/media/photo-o/0b/bc/13/fb/me-transporto-en-el-tiempo.jpg?w=1200&h=-1&s=1
Bethel Gospel Assembly,https://dynamic-media-cdn.tripadvisor.com/media/photo-o/0b/5a/f1/8e/photo0jpg.jpg?w=1200&h=-1&s=1
St Joseph's Chapel Catholic Memorial at Ground Zero,https://dynamic-media-cdn.tripadvisor.com/media/photo-o/10/aa/58/d1/general-1.jpg?w=1200&h=-1&s=1
The Met Breuer,https://dynamic-media-cdn.tripadvisor.com/media/photo-o/0f/4f/ad/7b/the-met-breuer.jpg?w=1200&h=-1&s=1
Lunt-Fontanne Theatre,https://dynamic-media-cdn.tripadvisor.com/media/photo-o/0a/db/c7/e3/lunt-fontanne-theatre.jpg?w=1200&h=-1&s=1
Trump Tower,https://dynamic-media-cdn.tripadvisor.com/media/photo-o/17/f8/4e/bf/caption.jpg?w=1200&h=-1&s=1
Hudson Theatre,https://dynamic-media-cdn.tripadvisor.com/media/photo-o/0f/38/2e/71/house-ceiling.jpg?w=1200&h=-1&s=1
Ripley's Believe It or Not! Times Square,https://dynamic-media-cdn.tripadvisor.com/media/photo-o/0e/ec/bb/27/ripley-s-believe-it-or.jpg?w=1200&h=-1&s=1
Alice in Wonderland Statue,https://dynamic-media-cdn.tripadvisor.com/media/photo-o/08/ef/ac/ff/alice-in-wonderland-statue.jpg?w=1200&h=-1&s=1
West Village,https://dynamic-media-cdn.tripadvisor.com/media/photo-o/0f/05/21/18/photo1jpg.jpg?w=1200&h=-1&s=1
Roosevelt Island,https://dynamic-media-cdn.tripadvisor.com/media/photo-o/0e/e9/d5/a1/photo2jpg.jpg?w=1200&h=-1&s=1
New Amsterdam Theater,https://dynamic-media-cdn.tripadvisor.com/media/photo-o/0b/07/2b/3c/photo1jpg.jpg?w=1200&h=-1&s=1
SPYSCAPE,https://dynamic-media-cdn.tripadvisor.com/media/photo-o/12/10/35/11/debrief.jpg?w=1200&h=-1&s=1
One World Trade Center,https://dynamic-media-cdn.tripadvisor.com/media/photo-o/16/1f/75/21/view.jpg?w=1200&h=-1&s=1
Woolworth Building,https://dynamic-media-cdn.tripadvisor.com/media/photo-o/0d/02/42/48/woolworth-building.jpg?w=1200&h=-1&s=1
Macy's Herald Square,https://dynamic-media-cdn.tripadvisor.com/media/photo-o/15/11/5f/70/macy-s-herald-square.jpg?w=1200&h=-1&s=1
Fort Tryon Park,https://dynamic-media-cdn.tripadvisor.com/media/photo-o/09/ef/ef/33/fort-tryon-park.jpg?w=1200&h=-1&s=1
Riverside Park,https://dynamic-media-cdn.tripadvisor.com/media/photo-o/0d/fc/63/5a/caption.jpg?w=1200&h=-1&s=1
Bethesda Terrace,https://dynamic-media-cdn.tripadvisor.com/media/photo-o/17/88/5d/43/fonte-bethesda-com-o.jpg?w=1200&h=-1&s=1
New York Stock Exchange,https://dynamic-media-cdn.tripadvisor.com/media/photo-o/17/f8/42/30/caption.jpg?w=1200&h=-1&s=1
Stephen Sondheim Theatre,https://dynamic-media-cdn.tripadvisor.com/media/photo-o/04/71/36/51/stephen-sondheim-theatre.jpg?w=1200&h=-1&s=1
Irish Hunger Memorial,https://dynamic-media-cdn.tripadvisor.com/media/photo-o/08/52/13/5f/view-of-memorial-from.jpg?w=600&h=-1&s=1
Marquis Theatre,https://dynamic-media-cdn.tripadvisor.com/media/photo-o/12/ef/35/d4/l-epilogo-di-escape-to.jpg?w=1200&h=-1&s=1
TriBeCa,https://dynamic-media-cdn.tripadvisor.com/media/photo-o/0a/96/e0/79/tribeca.jpg?w=1200&h=-1&s=1
The Dakota,https://dynamic-media-cdn.tripadvisor.com/media/photo-o/0c/93/ca/4d/il-dakota.jpg?w=1200&h=-1&s=1
Queensboro Bridge,https://dynamic-media-cdn.tripadvisor.com/media/photo-o/12/59/ab/79/queensboro-bridge.jpg?w=1200&h=-1&s=1
Upper East Side,https://dynamic-media-cdn.tripadvisor.com/media/photo-o/0d/52/75/43/2016-10-02-11-47-02-largejpg.jpg?w=1200&h=-1&s=1
General Grant National Memorial,https://dynamic-media-cdn.tripadvisor.com/media/photo-o/09/0d/ea/22/general-grant-national.jpg?w=1200&h=-1&s=1
Wollman Rink,https://dynamic-media-cdn.tripadvisor.com/media/photo-o/11/b8/8b/73/wollman-rink.jpg?w=1200&h=-1&s=1
Williamsburg Bridge,https://dynamic-media-cdn.tripadvisor.com/media/photo-o/15/26/21/19/williamsburg-bridge.jpg?w=1000&h=-1&s=1
Riverside Church,https://dynamic-media-cdn.tripadvisor.com/media/photo-o/07/c0/f7/8f/riverside-church.jpg?w=800&h=-1&s=1
New York City Subway,https://dynamic-media-cdn.tripadvisor.com/media/photo-o/15/30/30/0a/passing-by-citi-field.jpg?w=1200&h=-1&s=1
Governors Island,https://dynamic-media-cdn.tripadvisor.com/media/photo-o/10/b6/79/f8/view-on-manhattan.jpg?w=1200&h=-1&s=1
Ambassador Theatre,https://dynamic-media-cdn.tripadvisor.com/media/photo-o/06/fa/44/e7/ambassador-theatre.jpg?w=1200&h=-1&s=1
The Village Halloween Parade,https://dynamic-media-cdn.tripadvisor.com/media/photo-o/0a/9d/41/29/caption.jpg?w=1200&h=-1&s=1
Museum of Chinese in  America,https://dynamic-media-cdn.tripadvisor.com/media/photo-o/04/48/b8/32/shanghai-glamour-exhibition.jpg?w=1200&h=-1&s=1
Belvedere Castle,https://dynamic-media-cdn.tripadvisor.com/media/photo-o/0f/ce/32/ce/belvedere-castle.jpg?w=1200&h=-1&s=1
City Winery,https://dynamic-media-cdn.tripadvisor.com/media/photo-o/19/53/82/cd/our-new-property-at-pier.jpg?w=1200&h=-1&s=1
PATH,https://dynamic-media-cdn.tripadvisor.com/media/photo-o/0c/97/38/35/path-di-calatrava.jpg?w=1200&h=-1&s=1
East Village,https://dynamic-media-cdn.tripadvisor.com/media/photo-o/06/b4/85/cc/east-village.jpg?w=1200&h=-1&s=1
The High Line Park,https://dynamic-media-cdn.tripadvisor.com/media/photo-o/16/f3/18/55/originally-it-was-the.jpg?w=700&h=-1&s=1
Mahayana Buddhist Temple,https://dynamic-media-cdn.tripadvisor.com/media/photo-o/0a/64/c9/f5/main-altar.jpg?w=1200&h=-1&s=1
"Banksy's ""Hammer Boy""",https://dynamic-media-cdn.tripadvisor.com/media/photo-o/10/d3/99/cf/photo0jpg.jpg?w=1200&h=-1&s=1
New Museum of Contemporary Art,https://dynamic-media-cdn.tripadvisor.com/media/photo-o/0f/22/05/fe/photo3jpg.jpg?w=1200&h=-1&s=1
David Geffen Hall,https://dynamic-media-cdn.tripadvisor.com/media/photo-o/15/2e/ad/d3/david-geffen-hall.jpg?w=1200&h=-1&s=1
Rose Mansion,https://dynamic-media-cdn.tripadvisor.com/media/photo-o/18/2b/45/03/dance-in-a-disco-ball.jpg?w=1200&h=-1&s=1
Nederlander Theater,https://dynamic-media-cdn.tripadvisor.com/media/photo-o/06/fa/a9/e9/nederlander-theater.jpg?w=900&h=-1&s=1
Museum Mile,https://dynamic-media-cdn.tripadvisor.com/media/photo-o/0a/e4/b2/39/museum-mile.jpg?w=1200&h=-1&s=1
Koreatown,https://dynamic-media-cdn.tripadvisor.com/media/photo-o/04/d0/c6/b4/koreatown.jpg?w=1200&h=-1&s=1
First Corinthian Baptist Church,https://dynamic-media-cdn.tripadvisor.com/media/photo-o/0c/50/7a/24/fcbc-harlem.jpg?w=800&h=-1&s=1
Brooks Atkinson Theatre,https://dynamic-media-cdn.tripadvisor.com/media/photo-o/10/18/a0/2d/photo0jpg.jpg?w=1200&h=-1&s=1
Essex Street Market,https://dynamic-media-cdn.tripadvisor.com/media/photo-o/17/cb/ea/77/20190603-121342-largejpg.jpg?w=1200&h=-1&s=1
Duffy Square,https://dynamic-media-cdn.tripadvisor.com/media/photo-o/11/50/fa/55/duffy-square.jpg?w=1200&h=-1&s=1
Greater Refuge Temple,https://dynamic-media-cdn.tripadvisor.com/media/photo-o/09/23/e7/4a/greater-refuge-temple.jpg?w=1200&h=-1&s=1
The Public Theater,https://dynamic-media-cdn.tripadvisor.com/media/photo-o/15/33/a5/84/night.jpg?w=1200&h=-1&s=1
Inwood Hill Park,https://dynamic-media-cdn.tripadvisor.com/media/photo-o/18/0b/55/bd/photo0jpg.jpg?w=1200&h=-1&s=1
Temple Emanu-El,https://dynamic-media-cdn.tripadvisor.com/media/photo-o/0f/f3/27/e0/temple-emanu-el.jpg?w=900&h=-1&s=1
Lincoln Square,https://dynamic-media-cdn.tripadvisor.com/media/photo-o/08/ca/0c/2b/lincoln-square.jpg?w=1200&h=-1&s=1
Convent Avenue Baptist Church,https://dynamic-media-cdn.tripadvisor.com/media/photo-o/16/80/6b/e2/photo0jpg.jpg?w=1200&h=-1&s=1
Hudson River Greenway,https://dynamic-media-cdn.tripadvisor.com/media/photo-o/13/45/2d/a1/pier-1-gantry.jpg?w=700&h=-1&s=1
Belasco Theatre,https://dynamic-media-cdn.tripadvisor.com/media/photo-o/0e/d4/c0/95/theatre-ceiling.jpg?w=1200&h=-1&s=1
Central Park's Literary Walk,https://dynamic-media-cdn.tripadvisor.com/media/photo-o/0f/6e/e0/69/magnificent-elms.jpg?w=1200&h=-1&s=1
Walter Kerr Theater,https://dynamic-media-cdn.tripadvisor.com/media/photo-o/09/94/bf/7f/center-orchestra-row.jpg?w=1100&h=-1&s=1
General Electric Building,https://dynamic-media-cdn.tripadvisor.com/media/photo-o/0e/46/48/53/caption.jpg?w=700&h=-1&s=1
Gerald Schoenfeld Theatre,https://dynamic-media-cdn.tripadvisor.com/media/photo-o/10/88/ee/50/photo1jpg.jpg?w=1200&h=-1&s=1
Federal Hall,https://dynamic-media-cdn.tripadvisor.com/media/photo-o/16/b8/a8/17/interno.jpg?w=1200&h=-1&s=1
Balto Statue,https://dynamic-media-cdn.tripadvisor.com/media/photo-o/14/3c/57/ca/img-20180820-wa0014-largejpg.jpg?w=1200&h=-1&s=1
Pip's Island,https://dynamic-media-cdn.tripadvisor.com/media/photo-o/19/ca/8e/36/at-grumble-s-bakery.jpg?w=1200&h=-1&s=1
Imperial Theatre,https://dynamic-media-cdn.tripadvisor.com/media/photo-o/08/98/23/06/los-miserables-espectacular.jpg?w=1200&h=-1&s=1
Studio 54,https://dynamic-media-cdn.tripadvisor.com/media/photo-o/08/3c/6f/3e/studio-54.jpg?w=1200&h=-1&s=1
NYC Ferry,https://dynamic-media-cdn.tripadvisor.com/media/photo-o/10/72/1b/f6/watching-a-ferry-in-the.jpg?w=1200&h=-1&s=1
Battery Park,https://dynamic-media-cdn.tripadvisor.com/media/photo-o/19/90/05/0d/photo0jpg.jpg?w=1100&h=-1&s=1
Ed Sullivan Theater,https://dynamic-media-cdn.tripadvisor.com/media/photo-o/09/68/81/82/ed-sullivan-theater.jpg?w=1200&h=-1&s=1
Franklin D. Roosevelt Four Freedoms Park,https://dynamic-media-cdn.tripadvisor.com/media/photo-o/0f/ad/5c/a9/photo5jpg.jpg?w=1200&h=-1&s=1
Museum of Arts and Design,https://dynamic-media-cdn.tripadvisor.com/media/photo-o/1c/01/4f/91/the-museum-of-arts-and.jpg?w=1200&h=-1&s=1
August Wilson Theater,https://dynamic-media-cdn.tripadvisor.com/media/photo-o/16/42/7b/3c/photo1jpg.jpg?w=1200&h=-1&s=1
Jacqueline Kennedy Onassis Reservoir,https://dynamic-media-cdn.tripadvisor.com/media/photo-o/0d/bf/79/a1/photo0jpg.jpg?w=1200&h=-1&s=1
Eugene O'Neill Theatre,https://media.tacdn.com/media/attractions-splice-spp-674x446/0b/39/ba/39.jpg
Carl Schurz Park,https://upload.wikimedia.org/wikipedia/commons/7/74/Carl_Schurz_Plaza_jeh.JPG
Longacre Theatre,https://upload.wikimedia.org/wikipedia/commons/5/5f/The_Longacre_Theatre_-_The_Prom_%2848193461707%29.jpg
Chelsea Flea Market,https://origin-www.nycgo.com/images/venues/1594/chelsea-flea-manhattan-nyc-photo-sam-hollenshead__large.jpg
H&M,https://static01.nyt.com/images/2021/03/24/business/24economy-briefing-handm/merlin_185475120_d1bfbad6-d233-45ce-981b-c9f120700932-superJumbo.jpg
New York University,https://www.usnews.com/dims4/USNEWS/72c90e6/17177859217/resize/800x540%3E/quality/85/?url=https%3A%2F%2Fmedia.beam.usnews.com%2F9d%2Fd819230374ef6531890bb7eee1dac0%2FNYU_WSP_Header.jpg
New York City Supreme Court,https://upload.wikimedia.org/wikipedia/commons/thumb/2/2e/NYC_-_New_York_County_Supreme_Courthouse.jpg/220px-NYC_-_New_York_County_Supreme_Courthouse.jpg
Central Synagogue,https://upload.wikimedia.org/wikipedia/commons/3/3c/2017_Central_Synagogue_652_Lexington_Avenue.jpg
Holcombe Rucker Park,https://upload.wikimedia.org/wikipedia/commons/1/1f/Rucker_Park_%28WTM_wikiWhat_023%29.jpg
34th Street,https://upload.wikimedia.org/wikipedia/commons/thumb/c/c1/Macy%27s_Department_store_Herald_Square_%288403806690%29.jpg/300px-Macy%27s_Department_store_Herald_Square_%288403806690%29.jpg
MetLife Building,https://upload.wikimedia.org/wikipedia/commons/thumb/f/f5/Grand_Central_Terminal_MetLife_Building_Park_Ave_viaduct_Summer_Streets.jpg/170px-Grand_Central_Terminal_MetLife_Building_Park_Ave_viaduct_Summer_Streets.jpg
Astor Place Theatre,https://media.timeout.com/images/100322529/image.jpg
American Airlines Theater,"https://res.cloudinary.com/roundabout-theatre-company/image/upload/c_fit,f_auto,q_auto:eco,w_1000/v1/Venues/AA_Venue.jpg"
Alleva Dairy,https://dynamic-media-cdn.tripadvisor.com/media/photo-o/0d/9d/bf/eb/storefront.jpg?w=1200&h=-1&s=1
Grace Church,https://upload.wikimedia.org/wikipedia/commons/thumb/8/89/Grace_Church_at_dusk.jpg/206px-Grace_Church_at_dusk.jpg
Paley Park,https://upload.wikimedia.org/wikipedia/commons/4/41/Paley_Park_jeh.jpg
Morningside Park,https://upload.wikimedia.org/wikipedia/commons/4/4d/Morningside_Park.jpg
Children's Museum of the Arts,https://dynamic-media-cdn.tripadvisor.com/media/photo-o/19/a7/4f/13/fine-arts-studio.jpg?w=1200&h=-1&s=1
South Street Seaport Museum,https://dynamic-media-cdn.tripadvisor.com/media/photo-o/16/31/7c/7a/bowne-co-print-shops.jpg?w=1200&h=1200&s=1
Bowling Green,https://upload.wikimedia.org/wikipedia/commons/f/f6/Fountain_Square_Park%2C_Bowling_Green%2C_Kentucky.JPG
Little Red Lighthouse,https://untappedcities.com/wp-content/uploads/2018/10/featured-little-red-lighthouse-insiders-nyc-untapped-cities1.jpg
New York Comic-Con,https://www.tvinsider.com/wp-content/uploads/2021/04/new-york-comic-con-2019.jpg
Barrymore Theatre,https://shubert.nyc/media/1170/barrymore-houseview.jpg
Gapstow Bridge,https://centralpark.org/wp-content/uploads/2019/10/67051282-gapstow-bridge-in-the-autumn-in-central-park-new-york-city-.jpg
The Pershing Square Signature Center,https://www.signaturetheatre.org/getmedia/32749895-3299-4fda-9601-b8ed9ffa73c6/Diamond-1140-x-400.jpg.aspx?width=1140&height=400&ext=.jpg
Randall's Island Park,https://images.squarespace-cdn.com/content/v1/5559367ee4b081dbcc286437/1539616754326-JJWFXGV8O5EF84KAFVWP/1_randall-s-island-redevelopment-plan_1500+%281%29.jpg?format=1000w
Sony Hall,https://images.squarespace-cdn.com/content/v1/60023cbf3753c24df241c9bd/1613710717544-K7TLERN1GYXKFK7472XA/Sony-Hall-Complete-Model-Lobby.png
American Folk Art Museum,https://static01.nyt.com/images/2013/04/11/arts/11building_337/11building_337-superJumbo.jpg
Gyeongbokgung Palace,https://media.tacdn.com/media/attractions-splice-spp-674x446/0b/27/71/d0.jpg
Myeongdong Shopping Street,https://media-cdn.tripadvisor.com/media/photo-s/12/f8/f7/ca/myeongdong-shopping-street.jpg
The War Memorial of Korea,https://upload.wikimedia.org/wikipedia/commons/c/ca/War_Memorial_of_Korea_main_building.JPG
National Museum of Korea,https://upload.wikimedia.org/wikipedia/commons/1/13/National_Museum_of_Korea.jpg
Trickeye Museum Seoul,https://media.tacdn.com/media/attractions-splice-spp-674x446/06/75/be/26.jpg
KTX (Korea Train Express),https://upload.wikimedia.org/wikipedia/commons/0/08/KTX-Sancheon.jpg
Myeongdong NANTA Theater,https://media.tacdn.com/media/attractions-splice-spp-674x446/0b/39/bd/9d.jpg
Namsan Park,https://i.pinimg.com/originals/07/29/91/072991290d9cbdae517d1ed4407c652a.jpg
Jogyesa Temple,https://upload.wikimedia.org/wikipedia/commons/7/7b/Jogyesa_Temple_%281509839597%29.jpg
Haneul Park,"https://static.wixstatic.com/media/0505b9_299cc02151234528890384b3b4e75858~mv2.jpg/v1/crop/x_0,y_84,w_1129,h_680/fill/w_640,h_500,al_c,q_80,usm_0.66_1.00_0.01/Haneul%20Park%20-%20KTD%20-%20Pampas%20Grass%2010-2%20bi.webp"
Hongik University Street,https://dynamic-media-cdn.tripadvisor.com/media/photo-o/1a/6f/7b/71/photo6jpg.jpg?w=1200&h=-1&s=1
Dongdaemun Design Plaza (DDP),https://upload.wikimedia.org/wikipedia/en/8/8f/Dongdaemun_Design_Plaza_at_night%2C_Seoul%2C_Korea.jpg
Starfield Library,https://image.architonic.com/prj2-3/20024910/starfield-library-1-arcit18.jpg
Love Museum,"https://res.klook.com/images/fl_lossy.progressive,q_65/c_fill,w_1295,h_720/w_80,x_15,y_15,g_south_west,l_Klook_water_br_trans_yhcmh3/activities/ympdhknxycmeknuj4nvr/LoveMuseum.jpg"
Yeouido Hangang Park,https://greatruns.com/wp-content/uploads/2017/04/yeouido-park.jpeg
Leeum Samsung Museum of Art,https://upload.wikimedia.org/wikipedia/commons/c/c4/Leeum%2C_Samsung_Museum_of_Art.jpg
Yeouido Park,https://upload.wikimedia.org/wikipedia/commons/8/89/Yeouido_Park_Pond_201604.jpg
Olympic Park,https://architectureofthegames.net/wp-content/uploads/2014/07/brplinyiqaap9fk.jpg
Myeong-dong Cathedral,https://upload.wikimedia.org/wikipedia/commons/3/36/Myeongdong_Cathedral_01_%28cropped%29.jpg
Lotte World Aquarium,https://nengyishi.files.wordpress.com/2017/11/dscf5126-2.jpg?w=2000&h=1500&crop=1
National Folk Museum of Korea,https://upload.wikimedia.org/wikipedia/commons/d/da/Korea-Seoul-National.folk.museum-01.JPG
Starfield COEX Mall,https://upload.wikimedia.org/wikipedia/commons/3/36/COEX_Mall_Central_Plaza_Atrium_2016.jpg
Coex Aquarium,https://upload.wikimedia.org/wikipedia/commons/6/61/COEX_Aqurium_2016.jpg
Grevin Museum,https://media.tacdn.com/media/attractions-splice-spp-674x446/0b/39/78/a5.jpg
Seoul Lantern Festival,https://upload.wikimedia.org/wikipedia/commons/thumb/e/ee/2011_Seoul_lantern_festival_-_349.jpg/1200px-2011_Seoul_lantern_festival_-_349.jpg
Namsangol Hanok Village,https://upload.wikimedia.org/wikipedia/commons/b/b8/Korea-Seoul-Namsangol-01.jpg
Gracie Mansion,https://upload.wikimedia.org/wikipedia/commons/8/88/Gracie_Mansion_snow_jeh.jpg
Korea House,https://upload.wikimedia.org/wikipedia/commons/3/32/Area_west_of_Bukchon_Hanok_Village_D.JPG
The Queen's Gallery,https://www.rct.uk/sites/default/files/styles/rctr-scale-1010w/public/canaletto-insitu-1600.jpg?itok=-lCmGdtG
Trump Rink in Central Park,https://upload.wikimedia.org/wikipedia/commons/2/21/Central_Park_Wollman_Rink.jpg
Sotheby's,https://www.cobosocial.com/wp-content/uploads/2019/10/Top-Lot-Auction-Scene-Nara.jpg
Red Cube,
New York International Auto Show,"https://dynaimage.cdn.cnn.com/cnn/c_fill,g_auto,w_1200,h_675,ar_16:9/https%3A%2F%2Fcdn.cnn.com%2Fcnnnext%2Fdam%2Fassets%2F210804143516-new-york-international-auto-show-file-restricted.jpg"
0,
Mount Vernon Hotel Museum & Garden,https://upload.wikimedia.org/wikipedia/commons/8/85/Mt-vernon-hotel-2007.jpg
ABC Carpet & Home,https://pyxis.nymag.com/v1/imgs/d3e/265/ca6e7b71b1f5e21f5ba019032cd5d87d5c-ABC-carpet-home.2x.rsocial.w600.jpg
Hangang Park,https://upload.wikimedia.org/wikipedia/commons/2/25/Hangang_Park_Overview_201604.jpg
Itaewon,https://cdn.theculturetrip.com/wp-content/uploads/2020/04/jy2agn.jpg
Poopoo Land,https://dynamic-media-cdn.tripadvisor.com/media/photo-o/0a/8e/d6/a1/2.jpg?w=1200&h=-1&s=1
Seoul World Cup Stadium,https://upload.wikimedia.org/wikipedia/commons/thumb/b/b8/AFC_Champions_League_Final_1st_leg.jpg/1200px-AFC_Champions_League_Final_1st_leg.jpg
Seolleung & Jeongneung Royal Tomb,https://youimg1.tripcdn.com/target/10021f000001gxdolA8C8.jpg
Gwanghwamun Square,https://upload.wikimedia.org/wikipedia/commons/5/5f/%EA%B4%91%ED%99%94%EB%AC%B8_Gwanghwamun_%E5%85%89%E5%8C%96%E9%96%80_-_panoramio.jpg
Lotte Department Store Main,http://tong.visitkorea.or.kr/cms/resource/44/668144_image2_1.jpg
Seoul Central Mosque,https://upload.wikimedia.org/wikipedia/commons/thumb/4/41/Korea-Seoul-Itaewon-Seoul_Central_Mosque-01.jpg/800px-Korea-Seoul-Itaewon-Seoul_Central_Mosque-01.jpg
Samcheonggak,https://dynamic-media-cdn.tripadvisor.com/media/photo-o/13/cc/04/ac/caption.jpg?w=1200&h=1200&s=1
Stylenanda Pink Hotel Flagship Store,https://cdn.herenow.city/assets/uploads/sites/9/2017/09/02182246/re_reDSC_9451-1-765x510.jpg
Alive Museum Insadong,https://media.tacdn.com/media/attractions-splice-spp-674x446/0b/39/b7/6b.jpg
Ihwa Mural Village,https://upload.wikimedia.org/wikipedia/commons/thumb/d/dc/%E6%A2%A8%E8%8A%B1%E6%B4%9E%E5%A3%81%E7%95%AB%E6%9D%91_%2826691785474%29.jpg/1200px-%E6%A2%A8%E8%8A%B1%E6%B4%9E%E5%A3%81%E7%95%AB%E6%9D%91_%2826691785474%29.jpg
Arario Museum in Space,https://dynamic-media-cdn.tripadvisor.com/media/photo-o/07/ab/6d/52/caption.jpg?w=1200&h=-1&s=1
Seoul Arts Center,https://upload.wikimedia.org/wikipedia/commons/a/a0/Seoul_Arts_Center.jpg
Gocheok Sky Dome,https://upload.wikimedia.org/wikipedia/commons/d/dd/Gocheok_Sky_Dome_interior.jpg
Mangwon Market,https://www.englishspectrum.com/wp-content/uploads/2015/06/53FEED910279B90002-e1434446783858.jpg
Kyunghee University Seoul Campus,https://upload.wikimedia.org/wikipedia/commons/8/8e/Kyung_Hee_Univ._Administration_Building%28Seoul_Campus%29.JPG
Common Ground,https://dynamic-media-cdn.tripadvisor.com/media/photo-o/1b/1d/1d/43/common-ground-is-a-unique.jpg?w=1200&h=-1&s=1
Yongma Land,https://upload.wikimedia.org/wikipedia/en/9/9c/Entrance_of_Yongma_Land.jpg
SRT,
Lotte Outlets Seoul Station,https://dynamic-media-cdn.tripadvisor.com/media/photo-o/0b/91/ff/a9/caption.jpg?w=1200&h=-1&s=1
Garak Market,https://upload.wikimedia.org/wikipedia/commons/3/35/Garak_Market_Seoul.JPG
Grilled Fish Street in Dongdaemun Market,https://live.staticflickr.com/8328/8096746750_5b6515ea2f_b.jpg
Hongdae NANTA Theatre,https://m.justgola.com/media/a/00/07/31506_og_1.jpeg
D-Cube City,https://upload.wikimedia.org/wikipedia/commons/5/58/SIndorim_Station_%26_D_Cube_City.jpg
Seonyudo Park,https://i0.wp.com/thesoulofseoul.net/wp-content/uploads/2016/04/IMG_2026.jpg?resize=800%2C533&ssl=1
The Blue House (Cheong Wa Dae),https://upload.wikimedia.org/wikipedia/commons/thumb/f/f1/Korea-Seoul-Blue_House_%28Cheongwadae%29_Reception_Center_0688%269-07_cropped.jpg/1200px-Korea-Seoul-Blue_House_%28Cheongwadae%29_Reception_Center_0688%269-07_cropped.jpg
Sungnyemun Gate,https://upload.wikimedia.org/wikipedia/commons/8/81/Sungnyemun_Gate%2C_front%2C_2013.jpg
Banpodaegyo Bridge,https://i.ytimg.com/vi/6dEVCvvnTq0/maxresdefault.jpg
Doota,https://media-cdn.tripadvisor.com/media/photo-s/0d/23/f5/42/doota.jpg
apm Place,https://fastly.4sqi.net/img/general/600x600/100550009_DaBE2lPKBJQB_34WS8CDUTGQSTh23Ps1VrznAxeTqtY.jpg
Bugaksan Seoul Fortress,https://dynamic-media-cdn.tripadvisor.com/media/photo-o/09/25/31/53/map-direction-and-scenery.jpg?w=1200&h=1200&s=1
Star Avenue at Lotte World,https://dynamic-media-cdn.tripadvisor.com/media/photo-o/03/74/f4/82/star-avenue-at-lotte.jpg?w=1200&h=-1&s=1
Migliore Dongdaemun Shop,https://media-cdn.tripadvisor.com/media/photo-s/16/4f/9f/48/migliore-dongdaemun-shop.jpg
D Museum,https://cdn.herenow.city/assets/uploads/sites/9/2017/09/02182405/re_D-Museum.jpg
Gilsangsa Shrine,https://media-cdn.tripadvisor.com/media/photo-s/13/e0/dd/f4/gilsangsa-shrine.jpg
Statue of Gangnam Style,https://ichef.bbci.co.uk/news/976/cpsprodpb/13EA6/production/_86547518_029995491-1.jpg
Dongdaemun Gate (Heunginjimun),https://upload.wikimedia.org/wikipedia/commons/2/2c/%EC%84%9C%EC%9A%B8_%ED%9D%A5%EC%9D%B8%EC%A7%80%EB%AC%B8_%EC%95%BC%EA%B2%BD.jpg
Kwanghee Fasion Mall,https://dynamic-media-cdn.tripadvisor.com/media/photo-o/0e/6f/21/bb/caption.jpg?w=1200&h=1200&s=1
Tourist Information Center of Korea Tourism Organization,
Seoul National Cemetery,https://upload.wikimedia.org/wikipedia/commons/thumb/8/89/Seoul_National_Cemetery_26th_Sanctuary.JPG/300px-Seoul_National_Cemetery_26th_Sanctuary.JPG
Seoul Plaza,https://upload.wikimedia.org/wikipedia/commons/3/33/%EC%84%9C%EC%9A%B8%EA%B4%91%EC%9E%A5_%EC%A0%84%EA%B2%BD.JPG
Ttukseom Hangang Park,https://image.kpopmap.com/2020/03/1504790_image2_1.jpg
Seven Luck Casino Gangbuk Hilton,https://dynamic-media-cdn.tripadvisor.com/media/photo-o/15/bd/58/97/caption.jpg?w=1200&h=1200&s=1
Eungbongsan Mountain,https://dynamic-media-cdn.tripadvisor.com/media/photo-o/09/cb/33/0e/caption.jpg?w=1200&h=-1&s=1
Mecenatpolis Mall,https://dynamic-media-cdn.tripadvisor.com/media/photo-o/16/76/48/5f/mecenatpolis-mall.jpg?w=1200&h=-1&s=1
Seoul City Wall Museum,https://dynamic-media-cdn.tripadvisor.com/media/photo-o/13/e4/6f/63/the-view-from-the-seoul.jpg?w=1200&h=-1&s=1
Kukkiwon World Taekwondo Headquarters,https://i.ytimg.com/vi/Mb_CCHJgPV8/maxresdefault.jpg
KBS On,https://img.trippose.com/thum/1076784/800/533
An Jung-geun Memorial Hall,https://images.adsttc.com/media/images/5126/42f7/b3fc/4b60/5000/003d/newsletter/10.jpg?1430798241
Gyeongui Line Forest,https://i1.sndcdn.com/artworks-000338649810-6jyr1g-t500x500.jpg
Baek In-je's House,https://www.koreattrack.com/images/baek-inje-main-gate-outside.jpg
Yangjae Citizens' Park,https://upload.wikimedia.org/wikipedia/commons/7/75/Yangjae_Citizens%27_Forest_05.JPG
0,
Majang Meat Market,https://www.traveldailynews.asia/sites/default/files/styles/large/public/2018-10/majang_meat_market.jpg?itok=ySzSPP0m
Seoul City Wall,https://miro.medium.com/max/1400/1*1EpYWrWjFNBsBMhegJrc3w.jpeg
National Museum of Modern and Contemporary Art Seoul,https://upload.wikimedia.org/wikipedia/commons/2/2b/MMCA-Gwacheon.jpg
GOTO Mall,https://www.habkorea.net/wp-content/uploads/2019/12/gotomallexpressterminal-featured.jpg
Seokchon Lake,https://upload.wikimedia.org/wikipedia/commons/5/52/Seokchon_Lake_Park_-_Oct_10_2005.jpg
Hongdae Art Market Free Market,https://aroimakmak.com/wp-content/uploads/2016/05/hongdaefreemarket1.jpg
Sinchon,https://upload.wikimedia.org/wikipedia/commons/9/95/Seoul-Sinchon-01.jpg
Dongdaemun Shopping Complex,https://dynamic-media-cdn.tripadvisor.com/media/photo-o/01/af/b4/d6/caption.jpg?w=1200&h=1200&s=1
Korea Furniture Museum,https://dynamic-media-cdn.tripadvisor.com/media/photo-o/04/86/93/e0/korea-furniture-museum.jpg?w=1200&h=1200&s=1
The War and Women's Human Rights Museum,https://www.seoulkoreatour.net/wp-content/uploads/2017/08/9468_War-Womens-Human-Rights-Museum-5.jpg
Hongik University,https://media-cdn.tripadvisor.com/media/daodao/photo-s/03/3c/41/04/caption.jpg
Dream Forest,https://media-cdn.tripadvisor.com/media/photo-s/06/88/57/3a/dream-forest.jpg
Figure Museum,https://english.visitseoul.net/comm/getImage?srvcId=POST&parentSn=16395&fileTy=POSTTHUMB&fileNo=1
Teseum Seoul,https://cf.creatrip.com/original/blog/5595/1573523773206.png?d=1300x700&q=75&f=jpg
Achasan Mountain,https://upload.wikimedia.org/wikipedia/commons/thumb/7/7e/Achasan2.jpg/1200px-Achasan2.jpg
K-Style Hub,https://www.ivisitkorea.com/wp-content/uploads/2020/05/k-style-hub-in-Seoul-1024x745.jpg?ezimgfmt=ng%3Awebp%2Fngcb18%2Frs%3Adevice%2Frscb18-2
Hallyu K-Star Road,https://i.ytimg.com/vi/Bcn3rrV8iBM/maxresdefault.jpg
The Galleria Main Store,https://media-cdn.tripadvisor.com/media/photo-s/17/75/6a/ee/photo0jpg.jpg
Boramae Park,https://dynamic-media-cdn.tripadvisor.com/media/photo-o/09/7c/84/dd/caption.jpg?w=1200&h=-1&s=1
Gyeongui Line Book Street,https://dynamic-media-cdn.tripadvisor.com/media/photo-o/11/63/69/71/gyeongui-line-book-street.jpg?w=1200&h=-1&s=1
Airport Railroad Travel Center,https://dynamic-media-cdn.tripadvisor.com/media/photo-o/0d/a9/03/8b/caption.jpg?w=1200&h=1200&s=1
Hi Seoul Festival,https://upload.wikimedia.org/wikipedia/commons/6/6b/Korea-Hi_Seoul_Festival-2006-01.jpg
Nampyeonghwa Sangga,https://dynamic-media-cdn.tripadvisor.com/media/photo-o/1a/a9/bf/0d/caption.jpg?w=1200&h=1200&s=1
"MMCA - National Museum of Contemporary Art, Deoksugung",https://artessere.com/upload/gallery/17542/948-al0tosy3yd-1920.jpg
Bank of Korea Museum,https://upload.wikimedia.org/wikipedia/commons/3/3c/BankofKoreaMuseum.jpg
Owl Museum,https://dynamic-media-cdn.tripadvisor.com/media/photo-o/02/31/f4/f2/owl-museum.jpg?w=1200&h=1200&s=1
Dongmyo Flea Market,https://dynamic-media-cdn.tripadvisor.com/media/photo-o/13/df/32/cf/caption.jpg?w=1200&h=-1&s=1
Hyundai Card Music Library,https://static.dezeen.com/uploads/2015/09/Hyundai-Card-Music-Library_dezeen_784_2.jpg
Haebangchon,https://upload.wikimedia.org/wikipedia/commons/3/3b/Seoul-Yongsan.gu-01.jpg
The National Theater of Korea,http://res.heraldm.com/content/image/2020/01/15/20200115000492_0.jpg
Good Morning City,https://media-cdn.tripadvisor.com/media/photo-s/08/03/44/f7/caption.jpg
Jingwansa Temple,https://english.visitseoul.net/comm/getImage?srvcId=POST&parentSn=6251&fileTy=POSTTHUMB&fileNo=2
Waryong Park,http://tong.visitkorea.or.kr/cms/resource/71/2571771_image2_1.jpg
Hoehyeon Underground Shopping area,https://media-cdn.tripadvisor.com/media/photo-s/0d/aa/ad/90/hoehyeon-underground.jpg
Songpa Naru Park,https://dynamic-media-cdn.tripadvisor.com/media/photo-o/17/2e/56/9e/photo3jpg.jpg?w=1200&h=-1&s=1
Garden 5,https://dynamic-media-cdn.tripadvisor.com/media/photo-o/1a/19/3c/5d/1.jpg?w=1200&h=-1&s=1
Namsan Outdoor Botanical Garden,https://a.travel-assets.com/findyours-php/viewfinder/images/res70/250000/250569-Namsan-Botanical-Garden.jpg
Pyeonghwa Market,https://img.kpopmap.com/680x384/2020/03/614361_image2_1.jpg
National Gugak Center,https://upload.wikimedia.org/wikipedia/commons/1/13/National_Gugak_Center_in_Seocho-gu%2C_Seoul%2C_South_Korea.jpg
Deoksugung Doldam-gil,https://livingnomads.com/wp-content/uploads/2018/10/08/Deoksugung-Doldam-gil-road-autumn-seoul42.jpg
Naksan Myogaksa Temple,https://upload.wikimedia.org/wikipedia/commons/9/95/%EB%AC%98%EA%B0%81%EC%82%AC1.jpg
Digital Media City Gallery,https://lh5.googleusercontent.com/-Arhf7CXqU6Q/AAAAAAAAAAI/AAAAAAAAAGE/yPwKfJ74YEQ/w800-h800/photo.jpg
Charlotte Theater,https://dynamic-media-cdn.tripadvisor.com/media/photo-o/10/5e/8a/4d/20170224-223946-largejpg.jpg?w=1200&h=-1&s=1
Seoul Finance Center,https://dynamic-media-cdn.tripadvisor.com/media/photo-o/12/85/ac/86/img-20180403-120340-largejpg.jpg?w=1000&h=-1&s=1
Ssentoy Museum & Showroom,https://dynamic-media-cdn.tripadvisor.com/media/photo-o/12/fa/1a/aa/photo1jpg.jpg?w=1200&h=-1&s=1
Hongneung Arboretum,https://dynamic-media-cdn.tripadvisor.com/media/photo-o/1b/9c/c7/b9/22.jpg?w=1200&h=-1&s=1
Seoul Anglican Cathedral,https://dynamic-media-cdn.tripadvisor.com/media/photo-o/0a/38/a9/15/caption.jpg?w=1200&h=-1&s=1
CineCore Bibap Theater,https://dynamic-media-cdn.tripadvisor.com/media/photo-o/13/82/ad/55/img20180615145136-largejpg.jpg?w=1200&h=-1&s=1
Hwagyesa Temple,https://dynamic-media-cdn.tripadvisor.com/media/photo-o/0f/41/7c/bf/hwagyesa-temple.jpg?w=1200&h=-1&s=1
Jamsil Sports Complex,https://dynamic-media-cdn.tripadvisor.com/media/photo-o/16/95/99/e1/jamsil-sports-complex.jpg?w=1200&h=-1&s=1
Jonggak Avenue of Youth,https://dynamic-media-cdn.tripadvisor.com/media/photo-o/11/73/94/7d/area.jpg?w=800&h=-1&s=1
Agricultural Museum,https://dynamic-media-cdn.tripadvisor.com/media/photo-o/0b/1f/b2/cd/agricultural-museum.jpg?w=1200&h=-1&s=1
Lotte Concert Hall,https://dynamic-media-cdn.tripadvisor.com/media/photo-o/15/d2/b0/bc/lotte-concert-hall-interior.jpg?w=1200&h=-1&s=1
Myeongdong Seocobulhanjeungmag,https://dynamic-media-cdn.tripadvisor.com/media/photo-o/0e/90/be/60/food-everywhere-here.jpg?w=1200&h=-1&s=1
Mongchontoseong Fortress,https://dynamic-media-cdn.tripadvisor.com/media/photo-o/17/aa/57/00/20186.jpg?w=1200&h=-1&s=1
Jangchungdan Park,https://dynamic-media-cdn.tripadvisor.com/media/photo-o/14/5e/d2/0c/photo0jpg.jpg?w=1200&h=-1&s=1
Bongwonsa Temple,https://dynamic-media-cdn.tripadvisor.com/media/photo-o/18/d5/b0/f1/caption.jpg?w=1200&h=-1&s=1
Myeongdong Migliore,https://dynamic-media-cdn.tripadvisor.com/media/photo-o/15/f6/2d/ee/photo0jpg.jpg?w=1200&h=-1&s=1
Dongdaemun Underground Shopping Center,https://dynamic-media-cdn.tripadvisor.com/media/photo-o/15/8b/cb/d6/dongdaemun-underground.jpg?w=400&h=-1&s=1
Taereung,https://dynamic-media-cdn.tripadvisor.com/media/photo-o/0d/30/a2/11/photo0jpg.jpg?w=1200&h=-1&s=1
Cheonggyecheon Museum,https://dynamic-media-cdn.tripadvisor.com/media/photo-o/1a/bc/19/9e/museum2.jpg?w=1200&h=-1&s=1
Mangwon Hangang Park,http://english.seoul.go.kr/wp-content/uploads/2021/04/Mangwon-Hangang-Park-and-Seongsandaegyo-Bridge-1.jpg
Statue of Peace,https://dynamic-media-cdn.tripadvisor.com/media/photo-o/12/fa/bb/66/caption.jpg?w=1200&h=-1&s=1
Gongdeok Market,https://dynamic-media-cdn.tripadvisor.com/media/photo-o/1a/67/c4/ae/gongdeok-market.jpg?w=1200&h=-1&s=1
Knife Gallery,https://dynamic-media-cdn.tripadvisor.com/media/photo-o/07/ef/a0/1e/knife-gallery.jpg?w=1100&h=-1&s=1
63 Sky Art,https://dynamic-media-cdn.tripadvisor.com/media/photo-o/1a/72/70/f0/63.jpg?w=1200&h=-1&s=1
Nakseongdae Park,https://dynamic-media-cdn.tripadvisor.com/media/photo-o/0d/92/74/c5/caption.jpg?w=1200&h=-1&s=1
Bugaksan Mountain,https://dynamic-media-cdn.tripadvisor.com/media/photo-o/11/42/54/33/1450023-largejpg.jpg?w=1200&h=-1&s=1
Hamilton Shopping Center,https://dynamic-media-cdn.tripadvisor.com/media/photo-o/15/1c/34/ca/hamilton-shopping-mall.jpg?w=1200&h=-1&s=1
The Magic Circle,https://dynamic-media-cdn.tripadvisor.com/media/photo-o/04/09/ab/53/the-magic-circle.jpg?w=1200&h=-1&s=1
Aquarium 63 SeaWorld,https://dynamic-media-cdn.tripadvisor.com/media/photo-o/11/da/51/52/photo6jpg.jpg?w=1200&h=-1&s=1
Mario outlet,https://dynamic-media-cdn.tripadvisor.com/media/photo-o/19/f5/a4/49/photo2jpg.jpg?w=1200&h=-1&s=1
Naksan Public Art,https://dynamic-media-cdn.tripadvisor.com/media/photo-o/16/ef/cb/0c/photo6jpg.jpg?w=1100&h=-1&s=1
Seodaemun Museum of Natural History,https://dynamic-media-cdn.tripadvisor.com/media/photo-o/09/d3/8e/56/seodaemun-museum-of-natural.jpg?w=1200&h=-1&s=1
Dosan Neighborhood Park,https://dynamic-media-cdn.tripadvisor.com/media/photo-o/1b/75/f7/1c/20200627-094252-largejpg.jpg?w=1200&h=-1&s=1
Lotte FitIn,https://dynamic-media-cdn.tripadvisor.com/media/photo-o/17/71/2e/17/mall.jpg?w=1200&h=-1&s=1
Gyeonghuigung Palace,https://dynamic-media-cdn.tripadvisor.com/media/photo-o/0c/aa/85/25/20160522-143748-largejpg.jpg?w=1200&h=-1&s=1
Mapo Oil Tank Culture Park,https://dynamic-media-cdn.tripadvisor.com/media/photo-o/11/3d/c4/64/t6.jpg?w=1200&h=-1&s=1
Chilgung,https://dynamic-media-cdn.tripadvisor.com/media/photo-o/11/39/75/30/old-architecture.jpg?w=1200&h=-1&s=1
Hanbok Museum,https://dynamic-media-cdn.tripadvisor.com/media/photo-o/12/60/87/0c/corridor.jpg?w=800&h=-1&s=1
Yakhyeon Catholic Church,https://dynamic-media-cdn.tripadvisor.com/media/photo-o/1a/2d/76/24/caption.jpg?w=1100&h=-1&s=1
International Seon Center,https://dynamic-media-cdn.tripadvisor.com/media/photo-o/11/ee/2b/a1/international-seon-center.jpg?w=1000&h=-1&s=1
Doseonsa Temple,https://dynamic-media-cdn.tripadvisor.com/media/photo-o/0e/db/8e/ee/doseonsa-temple.jpg?w=1200&h=-1&s=1
Yanghwajin Foreign Missionary Cemetery,https://dynamic-media-cdn.tripadvisor.com/media/photo-o/11/ce/92/6b/caption.jpg?w=800&h=-1&s=1
Whanki Museum,https://dynamic-media-cdn.tripadvisor.com/media/photo-o/18/1e/9c/06/photo5jpg.jpg?w=1200&h=-1&s=1
Seongu Barber Shop,https://dynamic-media-cdn.tripadvisor.com/media/photo-o/1b/86/b3/a3/new-look-from-outside.jpg?w=1200&h=-1&s=1
Yoon Dongju Literary Museum,https://dynamic-media-cdn.tripadvisor.com/media/photo-o/0c/17/cb/ad/caption.jpg?w=800&h=-1&s=1
Yeonsero (Yonsei University Street),https://dynamic-media-cdn.tripadvisor.com/media/photo-o/0b/ca/8f/70/taman-taman-yang-cantik.jpg?w=1200&h=-1&s=1
"B-Boy city in Seoul - Kung, Hongdae Theatre",https://dynamic-media-cdn.tripadvisor.com/media/photo-o/14/f4/37/42/stage.jpg?w=1200&h=-1&s=1
K Museum Of Contemporary Art,https://dynamic-media-cdn.tripadvisor.com/media/photo-o/17/e4/79/bb/photo6jpg.jpg?w=1200&h=-1&s=1
Seoul Animation Center,https://dynamic-media-cdn.tripadvisor.com/media/photo-o/0c/8c/19/35/photo0jpg.jpg?w=1200&h=-1&s=1
Yeongcheon Market,https://dynamic-media-cdn.tripadvisor.com/media/photo-o/19/26/36/10/entrance.jpg?w=800&h=-1&s=1
World Peace Gate,https://dynamic-media-cdn.tripadvisor.com/media/photo-o/11/57/b3/9a/world-peace-gate-at-olympic.jpg?w=1200&h=-1&s=1
Mokdong Stadium,https://dynamic-media-cdn.tripadvisor.com/media/photo-o/09/13/9c/95/seoul.jpg?w=1200&h=-1&s=1
Trick World,https://dynamic-media-cdn.tripadvisor.com/media/photo-o/05/ec/c2/e6/trick-world.jpg?w=1200&h=-1&s=1
Jonglo3ga Pojangmacha Geoli,https://dynamic-media-cdn.tripadvisor.com/media/photo-o/13/f1/51/7d/photo0jpg.jpg?w=1200&h=-1&s=1
"National Museum of Art, Deoksugung",https://dynamic-media-cdn.tripadvisor.com/media/photo-o/09/56/ea/72/national-museum-of-art.jpg?w=1200&h=-1&s=1
Chungjeongno NANTA Theatre,https://dynamic-media-cdn.tripadvisor.com/media/photo-o/09/8f/33/9a/caption.jpg?w=1200&h=-1&s=1
Jongmyo Square Park,https://dynamic-media-cdn.tripadvisor.com/media/photo-o/13/f7/67/aa/jongmyo-square-park.jpg?w=1200&h=-1&s=1
Bukchon Cultural Center,https://dynamic-media-cdn.tripadvisor.com/media/photo-o/1d/03/25/a2/caption.jpg?w=1200&h=-1&s=1
Hwangudan Altar,https://dynamic-media-cdn.tripadvisor.com/media/photo-o/11/55/b9/15/caption.jpg?w=1200&h=-1&s=1
Street Museum,https://dynamic-media-cdn.tripadvisor.com/media/photo-o/15/72/eb/bc/street-museum.jpg?w=1200&h=-1&s=1
Daegaksa Temple,https://dynamic-media-cdn.tripadvisor.com/media/photo-o/15/2d/08/9c/daegaksa-temple.jpg?w=700&h=-1&s=1
Singapore Botanic Gardens,https://dynamic-media-cdn.tripadvisor.com/media/photo-o/04/09/85/71/singapore-botanic-gardens.jpg?w=1200&h=-1&s=1
Gardens by the Bay,https://dynamic-media-cdn.tripadvisor.com/media/photo-o/05/d9/0e/f0/gardens-by-the-bay.jpg?w=1200&h=-1&s=1
National Orchid Garden,https://dynamic-media-cdn.tripadvisor.com/media/photo-o/19/2c/fd/73/img-20190908-153849-largejpg.jpg?w=1200&h=-1&s=1
Singapore Mass Rapid Transit  (SMRT),https://dynamic-media-cdn.tripadvisor.com/media/photo-o/1a/17/d1/43/inside-smrt-train.jpg?w=1200&h=-1&s=1
Supertree Grove,https://dynamic-media-cdn.tripadvisor.com/media/photo-o/0a/53/bd/1a/ocbc-skyway.jpg?w=1200&h=-1&s=1
Singapore Cable Car,https://dynamic-media-cdn.tripadvisor.com/media/photo-o/03/a4/4d/d1/singapore-cable-car.jpg?w=1200&h=-1&s=1
National Museum of Singapore,https://dynamic-media-cdn.tripadvisor.com/media/photo-o/12/45/9d/0f/national-museum-of-singapore.jpg?w=1200&h=-1&s=1
Buddha Tooth Relic Temple and Museum,https://dynamic-media-cdn.tripadvisor.com/media/photo-o/0b/ce/1f/25/photo2jpg.jpg?w=1200&h=-1&s=1
Merlion Park,https://dynamic-media-cdn.tripadvisor.com/media/photo-o/0e/4d/a7/97/photo2jpg.jpg?w=1100&h=-1&s=1
Clarke Quay,https://dynamic-media-cdn.tripadvisor.com/media/photo-o/08/0a/17/14/clarke-quay-beautifully.jpg?w=1200&h=-1&s=1
Haji Lane,https://dynamic-media-cdn.tripadvisor.com/media/photo-o/05/73/c4/c8/haji-lane.jpg?w=1200&h=-1&s=1
OCBC Skyway,https://dynamic-media-cdn.tripadvisor.com/media/photo-o/17/6d/a4/35/singapore-super-tree.jpg?w=1200&h=-1&s=1
Asian Civilisations Museum,https://dynamic-media-cdn.tripadvisor.com/media/photo-o/17/0c/f3/5f/beautiful-building.jpg?w=1200&h=-1&s=1
The Southern Ridges,https://dynamic-media-cdn.tripadvisor.com/media/photo-o/0e/2a/9e/27/photo2jpg.jpg?w=1200&h=-1&s=1
The Helix Bridge,https://dynamic-media-cdn.tripadvisor.com/media/photo-o/0e/48/52/69/caption.jpg?w=1200&h=-1&s=1
Chinese and Japanese Gardens,https://dynamic-media-cdn.tripadvisor.com/media/photo-o/14/af/81/84/lake.jpg?w=1200&h=-1&s=1
Fort Canning Park,https://dynamic-media-cdn.tripadvisor.com/media/photo-o/0e/cf/fc/9d/caption.jpg?w=1200&h=-1&s=1
F1 - Singapore Grand Prix,https://dynamic-media-cdn.tripadvisor.com/media/photo-o/06/49/0e/fc/grand-prix-season-singapore.jpg?w=1200&h=-1&s=1
Arab Street,https://dynamic-media-cdn.tripadvisor.com/media/photo-o/09/fc/d3/54/photo1jpg.jpg?w=1200&h=-1&s=1
Chijmes,https://dynamic-media-cdn.tripadvisor.com/media/photo-o/0c/d6/37/e3/caption.jpg?w=1200&h=-1&s=1
Butterfly Garden,https://dynamic-media-cdn.tripadvisor.com/media/photo-o/0f/6a/4a/1c/take-a-stroll-and-enjoy.jpg?w=1200&h=-1&s=1
Wild Wild Wet,https://dynamic-media-cdn.tripadvisor.com/media/photo-o/0f/46/dd/90/photo5jpg.jpg?w=1200&h=-1&s=1
Henderson Waves,https://dynamic-media-cdn.tripadvisor.com/media/photo-o/12/ce/ec/4f/20180428-074507-largejpg.jpg?w=1200&h=-1&s=1
Mapo Art Center,https://dynamic-media-cdn.tripadvisor.com/media/photo-o/19/66/ab/bc/mapo-arts-center.jpg?w=1200&h=-1&s=1
Science Centre Singapore,https://dynamic-media-cdn.tripadvisor.com/media/photo-o/1c/74/a2/a6/photo2jpg.jpg?w=1100&h=-1&s=1
Kampong Glam,https://dynamic-media-cdn.tripadvisor.com/media/photo-o/16/e6/e5/56/20190313-145715-largejpg.jpg?w=1100&h=-1&s=1
Marina Barrage,https://dynamic-media-cdn.tripadvisor.com/media/photo-o/19/be/fc/f4/20191019-210138-largejpg.jpg?w=1000&h=-1&s=1
Bukit Timah Nature Reserve,https://dynamic-media-cdn.tripadvisor.com/media/photo-o/01/37/32/0c/bukit-timah-nature-reserve.jpg?w=600&h=-1&s=1
Noon Square,https://storage3d.com/storage/2011.11/250e36ff0681b3107180dfe3d0df9446.jpg
SM ENTERTAINMENT Communication Center,https://karenmeetsworld.com/wp-content/uploads/2018/03/SM-Com-Center.jpg
Appenzeller Noble Memorial Museum,https://dynamic-media-cdn.tripadvisor.com/media/photo-o/12/ae/9d/30/caption.jpg?w=900&h=-1&s=1
Chungmuro Pet Street,https://dynamic-media-cdn.tripadvisor.com/media/photo-o/22/31/75/2b/street3.jpg?w=1200&h=-1&s=1
Gallery Hyundai,https://dynamic-media-cdn.tripadvisor.com/media/photo-o/0d/95/27/81/20160318-155619-largejpg.jpg?w=800&h=-1&s=1
Grand Mart,https://dynamic-media-cdn.tripadvisor.com/media/photo-o/08/8b/cd/0a/caption.jpg?w=1200&h=-1&s=1
Ewha Mural Village,https://dynamic-media-cdn.tripadvisor.com/media/photo-o/11/31/b6/4c/vyhled-od-mestske-zdi.jpg?w=1200&h=-1&s=1
Singapore Flyer,https://dynamic-media-cdn.tripadvisor.com/media/photo-o/1a/06/5a/a7/singapore-flyer-from.jpg?w=1100&h=-1&s=1
Battlebox,https://dynamic-media-cdn.tripadvisor.com/media/photo-o/13/f7/96/03/battlebox-at-fort-canning.jpg?w=1200&h=-1&s=1
Sungei Buloh Wetland Reserve,https://dynamic-media-cdn.tripadvisor.com/media/photo-o/17/79/27/9e/photo2jpg.jpg?w=1200&h=-1&s=1
Suntec City,https://dynamic-media-cdn.tripadvisor.com/media/photo-o/18/99/c0/ca/fountain-of-wealth-touch.jpg?w=1200&h=-1&s=1
Katong District,https://dynamic-media-cdn.tripadvisor.com/media/photo-o/11/e5/6f/40/caption.jpg?w=1200&h=-1&s=1
Kuan Yin Thong Hood Cho Temple,https://dynamic-media-cdn.tripadvisor.com/media/photo-o/12/3d/aa/c7/img-0326-largejpg.jpg?w=1000&h=-1&s=1
Kranji War Memorial,https://dynamic-media-cdn.tripadvisor.com/media/photo-o/11/54/46/8a/graves.jpg?w=1200&h=-1&s=1
DFS Singapore Changi Airport,https://dynamic-media-cdn.tripadvisor.com/media/photo-o/19/73/96/43/facade-of-terminal-2.jpg?w=1200&h=-1&s=1
Singapore Visitor Centre @orchardgateway,https://dynamic-media-cdn.tripadvisor.com/media/photo-o/1b/2b/e4/cf/we-re-located-within.jpg?w=1200&h=-1&s=1
City Square Mall,https://dynamic-media-cdn.tripadvisor.com/media/photo-o/0b/17/d5/57/city-square-mall.jpg?w=1100&h=-1&s=1
Labrador Nature Reserve,https://dynamic-media-cdn.tripadvisor.com/media/photo-o/06/0f/14/02/serene-tranquility.jpg?w=1200&h=-1&s=1
Kusu Island,https://dynamic-media-cdn.tripadvisor.com/media/photo-o/0d/52/40/b1/nice-view-of-the-temple.jpg?w=1200&h=-1&s=1
Changi Chapel and Museum,https://dynamic-media-cdn.tripadvisor.com/media/photo-o/1d/10/80/6c/changi-chapel-that-greets.jpg?w=1200&h=-1&s=1
Esplanade Park,https://dynamic-media-cdn.tripadvisor.com/media/photo-o/12/9d/85/49/park.jpg?w=1100&h=-1&s=1
Library @ Orchard,https://dynamic-media-cdn.tripadvisor.com/media/photo-o/19/80/18/3f/photo3jpg.jpg?w=1200&h=-1&s=1
Thian Hock Keng Temple,https://dynamic-media-cdn.tripadvisor.com/media/photo-o/17/6d/94/26/singapore-thian-hock.jpg?w=1200&h=-1&s=1
Tiger Brewery Tour,https://dynamic-media-cdn.tripadvisor.com/media/photo-o/17/7c/95/27/packaging-gallery.jpg?w=1200&h=-1&s=1
Lucky Plaza,https://dynamic-media-cdn.tripadvisor.com/media/photo-o/0c/c5/0a/c8/lucky-plaza.jpg?w=1200&h=-1&s=1
Tekka Centre,https://dynamic-media-cdn.tripadvisor.com/media/photo-o/14/c2/38/7e/tekka-centre.jpg?w=1200&h=-1&s=1
Geylang Serai,https://dynamic-media-cdn.tripadvisor.com/media/photo-o/10/b4/e2/86/20170916-130732-largejpg.jpg?w=1200&h=-1&s=1
Tanjong Pagar,https://dynamic-media-cdn.tripadvisor.com/media/photo-o/0a/67/2b/2c/tanjong-pagar-rd.jpg?w=1200&h=-1&s=1
Kong Meng San Phor Kark See Temple,https://dynamic-media-cdn.tripadvisor.com/media/photo-o/0e/3b/ae/af/caption.jpg?w=1200&h=-1&s=1
Robertson Quay,https://dynamic-media-cdn.tripadvisor.com/media/photo-o/12/37/24/b4/robertson-quay.jpg?w=1200&h=-1&s=1
Chinatown Point,https://dynamic-media-cdn.tripadvisor.com/media/photo-o/0a/92/c1/69/caption.jpg?w=1200&h=-1&s=1
Tangs Plaza,https://dynamic-media-cdn.tripadvisor.com/media/photo-o/0d/b7/f4/9f/tangs-plaza.jpg?w=1200&h=-1&s=1
Chinese New Year (China Town),https://dynamic-media-cdn.tripadvisor.com/media/photo-o/0e/59/4e/b2/2017-is-year-of-the-rooster.jpg?w=1200&h=-1&s=1
Pasir Ris Park,https://dynamic-media-cdn.tripadvisor.com/media/daodao/photo-o/17/74/31/d5/caption.jpg?w=800&h=-1&s=1
Cathedral of the Good Shepherd,https://dynamic-media-cdn.tripadvisor.com/media/photo-o/14/e4/2c/cd/cathedral-of-the-good.jpg?w=1200&h=-1&s=1
Pagoda Street,https://dynamic-media-cdn.tripadvisor.com/media/photo-o/17/fd/91/25/pagoda-street.jpg?w=700&h=-1&s=1
Lazarus Island,https://dynamic-media-cdn.tripadvisor.com/media/photo-o/17/5b/0b/83/photo1jpg.jpg?w=1200&h=-1&s=1
Floral Fantasy,https://dynamic-media-cdn.tripadvisor.com/media/photo-o/17/7f/cf/6c/the-bubbling-stream-and.jpg?w=1200&h=-1&s=1
SATS Premier Lounge,https://dynamic-media-cdn.tripadvisor.com/media/photo-o/13/6b/b9/d8/caption.jpg?w=1200&h=-1&s=1
Tanah Merah Ferry Terminal,https://dynamic-media-cdn.tripadvisor.com/media/photo-o/17/51/36/bf/tanah-merah-ferry-terminal.jpg?w=1200&h=-1&s=1
West Coast Park,https://dynamic-media-cdn.tripadvisor.com/media/photo-o/1c/d1/8a/18/the-crowd-not-in.jpg?w=1200&h=-1&s=1
The Qantas Singapore Lounge,https://dynamic-media-cdn.tripadvisor.com/media/photo-o/11/b1/ba/f9/photo1jpg.jpg?w=1200&h=-1&s=1
NUS Baba House,https://dynamic-media-cdn.tripadvisor.com/media/photo-o/06/cd/f2/b7/nus-baba-house.jpg?w=600&h=-1&s=1
Lian Shan Shuang Lin Temple,https://dynamic-media-cdn.tripadvisor.com/media/photo-o/11/65/10/1d/lian-shan-shuang-lin.jpg?w=1200&h=-1&s=1
HarbourFront Centre,https://dynamic-media-cdn.tripadvisor.com/media/photo-o/08/3d/6c/dd/hfc-is-open-10am-10pm.jpg?w=1200&h=-1&s=1
Air Force Museum,https://dynamic-media-cdn.tripadvisor.com/media/photo-o/0e/48/ee/d2/caption.jpg?w=1200&h=-1&s=1
Resorts World Sentosa Casino,https://dynamic-media-cdn.tripadvisor.com/media/photo-o/17/cd/66/94/resorts-world-sentosa.jpg?w=1200&h=-1&s=1
Funan,https://dynamic-media-cdn.tripadvisor.com/media/photo-o/17/a8/d3/4a/urban-connectivity-design.jpg?w=1200&h=-1&s=1
Telok Ayer Street,https://dynamic-media-cdn.tripadvisor.com/media/photo-o/11/8c/31/c8/telok-ayer-street.jpg?w=1200&h=-1&s=1
HSBC Rain Vortex,https://dynamic-media-cdn.tripadvisor.com/media/photo-o/17/2f/2b/c9/hsbc-rain-vortex-at-night.jpg?w=1200&h=-1&s=1
Dnata Lounge,https://dynamic-media-cdn.tripadvisor.com/media/photo-o/0f/3b/b9/51/dnata-lounge.jpg?w=1200&h=-1&s=1
Central Fire Station,https://dynamic-media-cdn.tripadvisor.com/media/photo-o/01/57/9b/a1/central-fire-station.jpg?w=600&h=-1&s=1
ION Sky,
Marina Bay Singapore Countdown,
Night Safari,
Raffles City,
The Pinnacle @ Duxton,
Little India,
The Intan,
Takashimaya Singapore,
Mount Faber,
ION Orchard,
National Stadium,
Plaza Singapura,
Sunflower Garden,
Hort Park,
Changi Swimming Pool,
Bukit Brown Cemetery,
Joo Chiat/Katong,
Holland Village,
Emirates Lounge,
Orchid Garden & Koi Pond,
Mint Museum of Toys,
Ngee Ann City,
Admiralty Park,
Red Dot Design Museum,
River Hongbao,
Bollywood Veggies,
Bedok Reservoir Park,
Great World,
Singapore Night Festival,
Lower Peirce Reservoir Park,
Sembawang Hot Spring,
Orchard Central,
Tiong Bahru Estate,
Singapore Musical Box Museum,
Church of St. Alphonsus,
Jubilee Bridge,
The Animal Resort,
Christmas Wonderland at Gardens By The Bay,
Thow Kwang Pottery Jungle and Dragon Kiln,
Bugis+,
Sembawang Park,
Boon Tat St,
Our Tampines Hub,
Civil Defence Heritage Gallery,
Singapore Discovery Centre,
KrisFlyer Gold Lounge,
Tanglin Mall Bazaar,
Istana,
China Square Central,
GX-5 Extreme Swing,
G-MAX Reverse Bungy,
Marine Cove Playground,
Sri Vadapathira Kaliamman Temple,
Chestnut Nature Park,
Masjid Abdul Gafoor,
Vintage Camera Museum,
Wisma Atria Shopping Centre,
Bedok Mall,
Anderson Bridge,
United Square Shopping Mall,
Istana Park,
Waterway Point,
Armenian Church,
Cactus Garden,
Asia Square Tower,
The Live Turtle and Tortoise Museum,
Japanese Cemetery Park,
Singapore Quarry,
UOB,
Katong Antique House,
Sakya Muni Buddha Gaya Temple,
New Creation Church,
Sri Layan Sithi Vinayagar Temple,
Enchanted Garden,
West Coast Plaza,
Robinsons The Heeren,
Prudential Marina Bay Carnival,
Kent Ridge Park,
Republic of Singapore Navy Museum,
The Gem Museum,
Bomber Command Memorial,
Sri Krishnan Temple,
Cavenagh Bridge,
Nex,
Liang Court,
Surviving the Japanese Occupation: War and Its Legacies,
Riverside Point,
Esplanade Bridge,
Imperial War Museum London,
Trafalgar Square,
London Underground,
The View from The Shard,
Notting Hill,
Royal Air Force Museum London,
Brick Lane,
The Monument to the Great Fire of London,
Royal Mews,
Chelsea Physic Garden,
Churchill War Rooms,
The All England Lawn Tennis Club,
Bukit Panjang Hawker Centre and Market,
Tower Bridge,
Natural History Museum,
The British Museum,
Kinky Boots at Adelphi Theatre,
Lego Shop,
Greenwich Park,
Holland Park,
Thames River,
British Library,
Borough Market,
St. Pancras International Station,
Old Royal Naval College,
Emirates Stadium Tour and Museum,
St. James's Park,
Greenwich,
Westminster Cathedral,
Temple Church,
National Maritime Museum,
Piccadilly Circus,
Tottenham Hotspur Stadium Tour,
Oxford Street,
Baker Street,
Loyang Tua Pek Kong Temple,
112 Katong,
City Hall Building,
Jewel Canopy Park,
Thaipusam Festival,
The Grande Whisky Collection,
Wheelock Place,
The Joy Of Toys,
Downtown East,
The Star Performing Arts Centre,
Elgin Bridge,
Orchard Plaza,
Singapore Sports Hub,
Ode To Art,
Joo Chiat Complex,
MasterCard Theatres,
Batamfast,
National Gallery,
Wimbledon Lawn Tennis Museum,
The Postal Museum,
Houses of Parliament,
Old Operating Theatre Museum and Herb Garret,
Woodlands,
Grant Museum of Zoology,
Banqueting House,
ArcelorMittal Orbit,
Somerset House,
Golden Hinde,
Green Park,
Broadway Market,
Freud Museum,
Crystal Palace Park,
30 St Mary Axe (The Gherkin),
The Kia Oval,
Royal Courts of Justice,
Royal Hospital Chelsea,
Garden at 120,
RHS Chelsea Flower Show,
Guildhall Art Gallery,
Regent's Park Open Air Theatre,
Horniman Museum and Gardens,
Leadenhall Market,
Roundhouse,
Hill Garden & Pergola,
SEA LIFE London Aquarium,
The Household Cavalry Museum,
Bond Street,
Saatchi Gallery,
Hatton Garden,
Big Ben,
City of London Information Centre,
Queen's House,
Whitehall,
Queen Elizabeth Olympic Park,
The Fan Museum,
Hay's Galleria,
Savoy Theatre,
Palace Theatre,
Sipsmith Distillery,
Burlington Arcade,
DreamWork's Tours: Shrek's Adventure! London,
Earl's Court,
The Foundling Museum,
0,
Russell Square,
Church of St. Bartholomew the Great,
Adelphi Theatre,
Brick Lane Market,
Maltby Street Market,
Greenwich Market,
London Palladium,
Prince Edward Theatre,
Columbia Road Flower Market,
Royal Academy of Arts,
Horse Guards Parade at Whitehall,
Gods Own Junkyard,
Wellcome Collection,
Southwark Cathedral,
Petrie Museum of Egyptian Archaeology,
London Victoria Station,
Crossrail Place Roof Garden,
Wellington Arch,
Empire State Building,
The High Line,
One World Observatory,
Radio City Music Hall,
Rockefeller Center,
"Intrepid Sea, Air & Space Museum",
St. Patrick's Cathedral,
Madison Square Garden,
Times Square,
Greenwich Village,
Christmas Spectacular Starring the Radio City Rockettes,
The Vessel,
Tenement Museum,
United Nations Headquarters,
Rockefeller Center Christmas Tree,
Washington Square Park,
Ground Zero Museum Workshop,
World Trade Center Memorial Foundation,
New-York Historical Society Museum & Library,
Whitney Museum of American Art,
Museum of Jewish Heritage,
Harlem,
Museum at Eldridge Street,
St. Patrick's Old Cathedral,
Trinity Church,
Saks Fifth Avenue,
Lyric Theatre,
World Trade Center Station (PATH),
Union Square Green Market,
Beacon Theatre,
Columbia University,
Bloomingdale's,
Winter Garden Theatre,
Chelsea,
Times Square Church,
KGB Espionage Museum,
Jazz at Lincoln Center,
Solomon R. Guggenheim Museum,
Merchant's House Museum,
New World Stages,
Hippodrome Casino,
London Stadium,
Peter Harrison Planetarium,
The UK Supreme Court,
Fenton House,
Diana Princess of Wales Memorial Fountain,
Spencer House,
Wesley's Chapel & Museum of Methodism,
Jack the Ripper Museum,
Shaftesbury Theatre,
The National 9/11 Memorial & Museum,
Top of the Rock,
Fifth Avenue,
Macy's Thanksgiving Day Parade,
Friends Building,
Cathedral Church of Saint John the Divine,
Fraunces Tavern Museum,
Unisphere,
Hamilton Grange National Memorial,
Lower East Side,
Children's Museum of Manhattan,
African Burial Ground National Monument,
Jacob Javits Convention Center,
Theodore Roosevelt Birthplace National Historic Site,
Seaport District NYC,
Museum of Illusions,
George Washington Bridge,
Booth Theatre,
Music Box Theatre,
Hope Sculpture,
International Center of Photography Museum,
Fearless Girl,
New York City Center,
Chelsea Hotel,
FDNY Memorial Wall,
Neil Simon Theatre,
Houdini Museum of New York at Fantasma Magic,
Time Warner Center,
Manhattan Mall,
Chelsea Piers Sports & Entertainment Complex,
Circle In The Square Theatre,
New York City Hall,
Vivian Beaumont Theatre,
Daily News Building,
Stage 42,
David H. Koch Theater,
Bernard B. Jacobs Theatre,
The Juilliard School,
St. Bartholomew's Church,
Fulton Center,
Joyce Theater,
Sixth Avenue (Avenue of the Americas),
The Art of the Brick by Nathan Sawaya,
Arthur Ashe Stadium,
Holographic Studios,
Hearst Tower,
Grand Masonic Lodge of New York,
Artists & Fleas at Chelsea Market,
Stone Street Historic District,
Central Park Zoo,
"Cooper Hewitt, Smithsonian Design Museum",
Federal Reserve Bank of New York,
Charging Bull (Wall Street Bull),
Shubert Theatre,
Museum of Sex,
The Shops at Columbus Circle,
Park Avenue,
Herald Square,
Columbus Circle,
Penn Station,
Love Sculpture,
Bow Bridge,
National Museum of Mathematics,
Cheonggyecheon Stream,
Kwangjang Market,
Seoul Forest,
Seoul Children's Grand Park,
Gwanghwamun Gate,
Changgyeonggung Palace,
Jamsil Baseball Stadium,
Seodaemun Prison History Hall,
Namdaemun Market,
Samcheongdong-gil Road,
Shinsegae Dept. Store Main,
Inwangsan Mountain,
Seoul Museum of History,
Ikseon-dong Hanok Street,
Jongmyo Shrine,
National Palace Museum of Korea,
Jungbu Market,
Seoul City Hall,
Times Square Mall,
63 City,
COEX Center,
Statue of Sejong the Great,
Noryangjin Fisheries Wholesale Market,
Seoul Botanical Garden,
National Museum of Korean Contemporary History,
IFC Mall,
Statue of Admiral Yi Sun-Sin,
Lotte World Folk Museum,
Seoul Daehangno,
Namsan Cable Car,
Cheongwadae Sarangchae,
Jeongdong Theater,
Rockefeller Park,
Trinity Church Cemetery & Mausoleum,
Park Avenue Armory,
Canaan Baptist Church of Christ,
Shakespeare Garden,
Broadhurst Theatre,
The Ramble,
Winter Garden,
Ghostbusters Building,
The High Bridge,
Abyssinian Baptist Church,
Bukhansan National Park,
Changdeokgung Palace,
Insadong,
Lotte World Tower & Mall,
Seoul Metro,
N Seoul Tower,
Bongeunsa Temple,
Bukchon Hanok Village,
Seoul Sky,
Deoksugung,
Naksan Park,
Seoullo 7017,
Dongdaemun History & Culture Park,
Castle Clinton National Monument,
Ewha Womans University,
Seoul International Fireworks Festival,
Ewha Woman's University,
I-Park Mall,
National Hangeul Museum,
Seoul Museum of Art,
Jeongdong Observatory,
The Story of King Sejong & The Story of Admiral Yi Sunshin,
Unhyeongung,
Ansan Jarak-gil,
Myeongdong Underground Shopping Center,
Culture Station Seoul 284,
Sebitseom,
Amore Pacific Museum of Art,
Jeoldusan Martyrs' Shrine,
Dongdaemun Seonggwak Park,
Seocho Tourist Information Center,
Seoul Folk Flea Market,
Tapgol Park,
Seven Luck Casino Gangnam Coex,
0,
Montmartre Park,
Seoul Global Cultural Center,
Sejong Center,
Yonsei University Sinchon Campus,
Hello APM,
Seoul Metropolitan Library,
Beautiful Tea Museum,
Queen Mama Market,
Bosingak,
Myeong-Dong Tourist Information Center,
Itaewon Antique Furniture Street,
Heojun Museum,
Yeouido Saetgang Ecological Park,
Seoul Children's Museum,
Bukchon Observatory,
Samcheong Park,
The National Assembly Building,
Choong Ang High School (Location for Winter Sonata),
Insadong P.R & Tourist Information Center,
Hanseong Baekje Cultural Festival,
Children's Folk Museum,
Chungmu Arts Center,
Suseongdong Valley,
Seoul University Hospital Medical Museum,
Seoul Olympic Museum,
Seoul Bamdokkaebi Night Market - Yeouido,
Mapo Agricultural & Marine Products Market,
Jongno Tower,
3D Black Art Museum,
Cultural Complex J-Bug,
piknic,
Cheongdam Fashion Street,
Bugak Palgakjeong Pavilion,
Marronnier Park,
Museum Kimchikan,
Korea University,
Korean Postage Stamp Museum,
Lotte Young Plaza Myeongdong,
Yongsan Family Park,
Shinsegae Gangnam,
Daelim Museum,
Jeongneung Royal Tomb,
Yeongdeungpo Market,
Hyundai City Outlets - Dongdaemun,
Seoul Museum,
Bugak Skyway,
Korea Army Museum,
Former Russian Legation,
Seoul Museum of Art Namseoul Bunkwan,
Ten-story Stone Pagoda of Wongaksa Temple Site,
Amsadong Pre-history Settlement Site,
Jungmyeongjeon Hall,
Hyehwamun Gate (Honghwamun),
Gangnam Style Horse Dance Stage,
Lotte Mall Eunpyeong,
"Museum of Art, Seoul National University",
OGN E-Sport Stadium,
Sungkyunkwan Munmyo,
Bonghwasan Mountain,
Singapore Zoo,
Cloud Forest,
Sands Skypark Observation Deck,
Jurong Bird Park,
Jewel Changi Airport,
Flower Dome,
MacRitchie Nature Trail,
Marina Bay,
Orchard Road,
River Wonders,
Maxwell Food Centre,
National Gallery Singapore,
East Coast Park,
MacRitchie Reservoir,
Waterfront Promenade,
The Shoppes at Marina Bay Sands,
Haw Par Villa,
Chinatown Heritage Centre,
VivoCity,
Esplanade - Theatres on the Bay,
Boat Quay,
Peranakan Museum,
ArtScience Museum at Marina Bay Sands,
Singapore City Gallery,
Satay Street,
Lau Pa Sat Festival Pavilion,
Sultan Mosque,
Mustafa Centre,
National Library of Singapore,
Parkview Square,
Singapore River,
Emerald Hill,
Sri Veeramakaliamman Temple,
Faber Peak,
Lee Kong Chian Natural History Museum,
Changi Beach,
Marina Square,
Marina Bay Sands Casino,
Raffles Hotel Arcade,
Ambassador Transit Lounge,
Jurong Point Shopping Mall,
IMM Outlet Mall,
Seoul Intercity Bus,
Gyeongchun Supgil,
Gimpo International Airport Observatory Deck,
Ankara Park,
Seoul Iris Garden,
Hwarangdae Station - Closed Station,
Soma Museum of Art,
Sri Mariamman Temple,
313@somerset,
Plaza Premium Lounge (Singapore),
People's Park Complex,
Bukit Batok Nature Park,
Singapore Cricket Club,
St John's Island,
SilverKris Lounge,
Victoria Theatre & Victoria Concert Hall,
Isetan Scotts,
Changi Point Boardwalk,
Singapore Philatelic Museum,
Sands Expo and Convention Center,
House of Tan Teng Niah,
Sri Srinivasa Perumal Temple,
Singapore Art Museum,
Malay Heritage Centre,
Coney Island Park,
Temple Street,
The NEWater Visitor Centre,
Jurong East Swimming Complex,
Punggol Waterway Park,
Singapore Indoor Stadium,
Gillman Barracks,
Parkview Museum,
Sun Yat Sen Nanyang Memorial Hall,
Orchard Gateway,
The Centrepoint,
Kallang Wave Mall,
National University of Singapore,
People of the River,
Chingay Parade,
Statue of Raffles,
Central Business District,
Snow City Singapore,
Horizon Fast Ferry,
OCBC Aquatic Centre,
Kampong Buangkok,
Silat Road Sikh Temple,
The Arts House,
Sri Senpaga Vinayagar Temple,
Chan Ngee,
Ang Mo Kio Town,
National Design Centre,
Civilian War Memorial,
Peranakan Houses,
"Temple of 1,000 Lights (Sakya Muni Buddha Gaya)",
Tanglin Shopping Centre,
The Church Of Our Lady Of Lourdes,
Singapore Maritime Gallery,
Jacob Ballas Children's Garden,
Marina Bay Cruise Centre,
St Andrew's Cathedral,
Fountain of Wealth,
Geylang Serai New Market,
Far East Organization Children's Garden,
Former Ford Factory,
Suntec Singapore Convention & Exhibition Centre,
Bishan Ang Mo Kio Park,
Hill Street Building,
Tampines Mall,
Raffles Place Skyscraper Buildings,
Lorong Halus Wetland,
Raffles Landing Site,
Padang,
Beauty World Centre,
Marine Parade Market,
Capitol Piazza,
National Museum of the American Indian,
The Shops & Restaurants at Hudson Yards,
Greenacre Pocket Park,
Morris-Jumel Mansion,
Lotte World,
Hyundai Department Store Apgujeong Main,
Paradise Casino Walkerhill,
Dongnimmun Gate,
Indian Heritage Centre,
i Light Marina Bay,
Tekka Temporary Market,
Sago Street (Street Of The Dead),
Woodlands Waterfront Park,
TWG Tea Boutique at Changi T3,
HDB LIVINGSPACE Gallery,
